-- --------------------------------------------------------
-- Host:                         10.0.1.61
-- Server version:               5.1.52 - MySQL Community Server (GPL) by Remi
-- Server OS:                    redhat-linux-gnu
-- HeidiSQL Version:             8.3.0.4694
-- --------------------------------------------------------

/*!40101 SET @OLD_CHARACTER_SET_CLIENT=@@CHARACTER_SET_CLIENT */;
/*!40101 SET NAMES utf8 */;
/*!40014 SET @OLD_FOREIGN_KEY_CHECKS=@@FOREIGN_KEY_CHECKS, FOREIGN_KEY_CHECKS=0 */;
/*!40101 SET @OLD_SQL_MODE=@@SQL_MODE, SQL_MODE='NO_AUTO_VALUE_ON_ZERO' */;
-- Dumping data for table customermanagement.assets: ~4 rows (approximately)
/*!40000 ALTER TABLE `assets` DISABLE KEYS */;
INSERT INTO `assets` (`Id`, `AgencyId`, `FileName`, `FileSize`, `ContentType`, `Bytes`, `Created`, `Modified`, `IsDeprecated`, `status`) VALUES
	('27f3d851-ea7e-40c1-a9cc-969fcd18da26', '5928d80a-713c-468b-9d30-6b0135ba352e', 'menu.txt', '43568', 'text/plain', _binary 0x00, '2014-02-25', '2014-02-25', 0, ''),
	('ab187d0c-a6ae-4896-9b77-8eaad1c36a62', '62b904fa-b38f-4686-b2e4-d748fa129c50', 'test2.txt', '7', 'text/plain', _binary 0x00, '2014-02-26', '2014-02-26', 0, ''),
	('e8794181-15dc-4d14-96bb-39dc158b0899', '50dd4c00-1b8c-4fb5-b596-b795db46425e', 'menu.txt', '43568', 'text/plain', _binary 0x00, '2014-02-25', '2014-02-25', 0, ''),
	('f20e8d42-1cf8-4703-926e-ba6e695b296e', '5928d80a-713c-468b-9d30-6b0135ba352e', 'x.txt', '6613', 'text/plain', _binary 0x00, '2014-02-25', '2014-02-25', 0, '');
/*!40000 ALTER TABLE `assets` ENABLE KEYS */;

-- Dumping data for table customermanagement.customernotes: ~136 rows (approximately)
/*!40000 ALTER TABLE `customernotes` DISABLE KEYS */;
INSERT INTO `customernotes` (`Id`, `AgencyId`, `LoginId`, `Comments`, `Created`, `Modified`, `IsDeprecated`, `Recipients`, `NoteType`, `Summary`, `CallerId`, `IssueId`, `AttachmentId`, `IsCompleted`, `DevUpdates`, `AdditionalInformation`, `ModifiedBy`, `Status`, `Saved`) VALUES
	('0063a3d3-d9bc-4600-9956-dcb6bfc5ccf8', '62b904fa-b38f-4686-b2e4-d748fa129c50', '1716391c-94e4-408a-be12-3cb78081f775', 'test7', '2013-10-15 10:47:36', '2013-10-15 10:47:47', 1, NULL, 1, 'test7', '996af685-90e3-40d1-a5a3-29604c0954d3', 0, 'f3ffdcfc-f01a-4c11-83b4-bed4fc648190', 0, NULL, '', '1716391c-94e4-408a-be12-3cb78081f775', 0, 0),
	('0063a3d3-d9bc-4600-9956-dcb6bfc5ccf9', '62b904fa-b38f-4686-b2e4-d748fa129c50', '976cf164-6708-40c4-9566-45286ad0f553', 'Just for Testing Purpose', '0001-01-01 00:00:00', '0001-01-01 00:00:00', 1, '', 1, 'Testing Customer Note', '338ae113-667a-463c-9ff4-e366ad2d7bf7', 0, '00000000-0000-0000-0000-000000000000', 0, '', 'Patient Name: asdff;lkj\r\nEpisode Period: \r\nVisit Type: SN\r\nDate of Visit: 01/01/2014', '00000000-0000-0000-0000-000000000000', 0, 1),
	('00d24c36-3786-4477-b800-5dca2feb194b', '62b904fa-b38f-4686-b2e4-d748fa129c50', 'c9bc125a-dc0e-490e-acc5-021af9feda27', 'tessssst', '2012-09-05 10:31:51', '2012-09-05 16:29:01', 1, NULL, 5, 'terss', '00000000-0000-0000-0000-000000000000', 0, '00000000-0000-0000-0000-000000000000', 0, NULL, '', 'c9bc125a-dc0e-490e-acc5-021af9feda27', 0, 0),
	('0b2d77bd-785e-4a61-9be8-058f6c5aa1e4', '62b904fa-b38f-4686-b2e4-d748fa129c50', '1e3f8cba-3c85-4b56-b16f-ae20c14292ce', 'test send function', '2014-02-25 10:38:22', '2014-02-25 10:38:22', 0, NULL, 1, 'testing send', '996af685-90e3-40d1-a5a3-29604c0954d3', 0, '00000000-0000-0000-0000-000000000000', 0, NULL, '', '00000000-0000-0000-0000-000000000000', 0, 1),
	('0d7f3445-14e0-42e6-84c6-aee5228c1ffd', '62b904fa-b38f-4686-b2e4-d748fa129c50', '1716391c-94e4-408a-be12-3cb78081f775', 'test20', '2013-10-16 10:15:54', '2013-10-16 10:15:54', 1, NULL, 1, 'test20', '996af685-90e3-40d1-a5a3-29604c0954d3', 3924, '5ddd90a4-2079-4efc-89e2-ed55510160a8', 0, NULL, '', '00000000-0000-0000-0000-000000000000', 0, 1),
	('0eb9a5db-0a0c-4df4-9cd7-915e1deb2bde', '62b904fa-b38f-4686-b2e4-d748fa129c50', '1716391c-94e4-408a-be12-3cb78081f775', 'test17-test17-test17', '2013-10-15 17:27:41', '2013-10-15 17:29:42', 0, NULL, 1, 'test17', '996af685-90e3-40d1-a5a3-29604c0954d3', 3918, 'c1c08307-5802-4798-93b6-c370b4210d91', 1, NULL, 'Patient Name: Leo Zhu\r\nEpisode Period: \r\nVisit Type: HHA Visit\r\nDate of Visit: 10/15/2013', '00000000-0000-0000-0000-000000000000', 0, 1),
	('0f50e390-e51f-456c-b8c8-4803bb0696f8', '62b904fa-b38f-4686-b2e4-d748fa129c50', 'c9bc125a-dc0e-490e-acc5-021af9feda27', 'testtest updating', '2012-08-29 16:10:25', '2012-09-04 16:52:43', 0, NULL, 5, 'Lorem ipsum dolor sit amet, consectetur adipiscing elit. Morbi consectetur ', '00000000-0000-0000-0000-000000000000', 0, '00000000-0000-0000-0000-000000000000', 0, NULL, 'PatientName: ab\nEpisode Period: \nVisit Type: \nDate of Visit: ', 'c9bc125a-dc0e-490e-acc5-021af9feda27', 0, 0),
	('120b92f4-3c69-4b6e-a1b8-2aa18b95a729', '62b904fa-b38f-4686-b2e4-d748fa129c50', '1716391c-94e4-408a-be12-3cb78081f775', 'ANDROID APP TEST13', '2013-10-23 17:24:41', '2013-10-23 18:07:20', 0, NULL, 13, 'ANDROID APP TEST13', '996af685-90e3-40d1-a5a3-29604c0954d3', 4012, 'f2501230-a048-45a5-935b-3a1982301cbc', 1, NULL, '', '00000000-0000-0000-0000-000000000000', 0, 1),
	('127a7264-f7bc-41e9-9109-ba81bed8f5fd', '76961263-e928-4df4-8752-613ff49bd002', '00000000-0000-0000-0000-000000000000', 'Lorem ipsum dolor sit amet, consectetur ad', '0001-01-01 00:00:00', '0001-01-01 00:00:00', 0, NULL, 5, 'Lorem', '00000000-0000-0000-0000-000000000000', 0, '00000000-0000-0000-0000-000000000000', 0, NULL, NULL, '00000000-0000-0000-0000-000000000000', 0, 0),
	('1457a8eb-a0fc-47a8-8511-07dec913aa03', '62b904fa-b38f-4686-b2e4-d748fa129c50', '1716391c-94e4-408a-be12-3cb78081f775', 'test21', '2013-10-16 10:17:06', '2013-10-16 10:17:06', 0, NULL, 1, 'test21', '996af685-90e3-40d1-a5a3-29604c0954d3', 3925, '4e918468-a80d-46e7-a1ef-1c9dd4f1fe32', 0, NULL, '', '00000000-0000-0000-0000-000000000000', 0, 1),
	('1b327355-5092-4c83-8fc9-f958f2bae89f', '62b904fa-b38f-4686-b2e4-d748fa129c50', 'c9bc125a-dc0e-490e-acc5-021af9feda27', 'testda ata', '2012-11-20 14:55:28', '2012-11-20 14:55:28', 0, NULL, 8, 'data tyest', '00000000-0000-0000-0000-000000000000', 1036, 'c1a7c4e4-899b-4d48-a473-6da9c40cf26c', 1, NULL, 'Previous Software: data\r\n', '00000000-0000-0000-0000-000000000000', 0, 0),
	('1cc02249-0f1e-4892-8116-190b3fa9489e', '62b904fa-b38f-4686-b2e4-d748fa129c50', 'c7bca37b-540e-4d84-9c25-7db02c023f81', 'The vitals signs log has more fields that have been added so the 60 Day summary does not have all the fields on it. It needs to be updated to reflect the new vitals pull into the summary.', '2012-10-05 15:05:22', '2012-10-08 12:08:59', 0, NULL, 3, 'Ned to Update the 60 day summary', 'ef100e51-f3b1-4708-916e-b6d3926ae243', 655, '00000000-0000-0000-0000-000000000000', 1, '<li><h3></h3><div><b>Birhanu Abagaro</b><i>2012-10-08 11:58:50</i></div><p></p></li><li><h3></h3><div><b>Birhanu Abagaro</b><i>2012-10-08 12:08:59</i></div><p>add a field for the o2 saturation in 6o day summary and also make sure it is added on the print view and PDF. add also a functionality the data to be display on the vital sign log on the patient vitla sinn log</p></li>', '', '00000000-0000-0000-0000-000000000000', 0, 0),
	('1e7a9264-4345-4cdc-9e38-27eab613acea', '62b904fa-b38f-4686-b2e4-d748fa129c50', '1716391c-94e4-408a-be12-3cb78081f775', 'test10', '2013-10-15 12:41:15', '2013-10-15 17:22:12', 0, NULL, 1, 'test10', '20d242a4-5973-41f5-b25d-4eb7e88dc479', 3916, '66789979-e1be-4ebd-8c80-39c3ee614c40', 1, NULL, '', '00000000-0000-0000-0000-000000000000', 0, 1),
	('20124e1c-3917-457d-9fc6-6bdbd6199f0f', '62b904fa-b38f-4686-b2e4-d748fa129c50', 'c9bc125a-dc0e-490e-acc5-021af9feda27', 'Lorem ipsum dolor sit amet, consectetur adipiscing elit. Sed sollicitudin mi et purus placerat rutrum. Integer condimentum adipiscing tempus. Proin tempor lobortis purus non pretium. Aenean tempus, libero nec aliquet tempus, odio magna vulputate felis, a mollis risus enim non libero. Ut a felis sem, eu lacinia quam. Donec laoreet accumsan consectetur. Aliquam molestie porta neque. Vestibulum turpis odio, eleifend sed aliquam sed, convallis nec odio. Donec molestie est sit amet nunc vehicula facilisis. Quisque fermentum pellentesque ipsum, vitae laoreet dolor vestibulum ut. Integer nulla mauris, ultricies vel ultricies sed, mattis quis quam. Ut scelerisque dolor eget enim hendrerit eget dignissim odio lobortis. Aliquam ut magna tortor.\r\n\r\nEtiam consectetur ipsum quis lacus semper lacinia nec commodo odio. Maecenas fermentum elit et lacus blandit quis accumsan dui blandit. Proin vehicula metus quis tellus tempor accumsan. Aliquam sed nibh justo. Pellentesque eleifend bibendum varius. Nullam non diam leo. Vestibulum scelerisque sodales nisi vel molestie. Praesent in ante et tellus tristique ultrices. Curabitur eget mauris neque, sit amet egestas tellus. Proin a urna tellus, vel tristique lorem. Fusce sem arcu, blandit non pulvinar eu, tristique consequat leo.\r\n\r\nQuisque ac lectus ac ante gravida auctor. Suspendisse sed enim nulla, in iaculis libero. Sed commodo leo et lorem imperdiet varius. Nulla a libero enim, non consequat purus. Duis vitae diam lectus. Donec porta lectus dui. Cras ornare suscipit tempus. Mauris sit amet felis arcu. Nullam id odio felis. Nullam ante lorem, condimentum a vulputate eget, facilisis ac risus. Ut et dui vel magna accumsan blandit id a turpis.', '2012-10-11 14:31:27', '2012-10-11 14:31:27', 0, NULL, 1, 'lk;jhlkjh', '89b32d61-8464-46d8-8697-3ca935c89ba0', 699, '00000000-0000-0000-0000-000000000000', 1, NULL, 'Patient Name: l;jk;lk\r\nEpisode Period: \r\nVisit Type: \r\nDate of Visit: ', '00000000-0000-0000-0000-000000000000', 0, 0),
	('21faaa77-24d7-45e1-84f8-c9b1f63915b3', '62b904fa-b38f-4686-b2e4-d748fa129c50', '1716391c-94e4-408a-be12-3cb78081f775', 'test7', '2013-10-15 10:48:09', '2013-10-15 10:48:09', 1, NULL, 1, 'test7', '996af685-90e3-40d1-a5a3-29604c0954d3', 3869, '00000000-0000-0000-0000-000000000000', 1, NULL, '', '1716391c-94e4-408a-be12-3cb78081f775', 0, 0),
	('22660f12-1515-4e4d-8c6b-5e441bc00482', '62b904fa-b38f-4686-b2e4-d748fa129c50', '1716391c-94e4-408a-be12-3cb78081f775', 'test1', '2013-10-23 10:36:18', '2013-10-23 10:36:18', 1, NULL, 13, 'test1', '996af685-90e3-40d1-a5a3-29604c0954d3', 0, '00000000-0000-0000-0000-000000000000', 0, NULL, '', '00000000-0000-0000-0000-000000000000', 0, 1),
	('22809223-0803-44f3-85ce-f8b8ff7988bd', '62b904fa-b38f-4686-b2e4-d748fa129c50', '1716391c-94e4-408a-be12-3cb78081f775', 'IOS Test10', '2013-10-23 16:34:55', '2013-10-23 16:34:55', 0, NULL, 13, 'IOS Test10', '996af685-90e3-40d1-a5a3-29604c0954d3', 4007, 'ea659c8f-565e-4990-9d40-f93e67143692', 0, NULL, '', '00000000-0000-0000-0000-000000000000', 0, 1),
	('23877870-5ced-4a0f-8d62-15cd22da6fbd', '62b904fa-b38f-4686-b2e4-d748fa129c50', '1716391c-94e4-408a-be12-3cb78081f775', 'test8', '0001-01-01 00:00:00', '0001-01-01 00:00:00', 0, NULL, 1, 'test8', '996af685-90e3-40d1-a5a3-29604c0954d3', 0, '00000000-0000-0000-0000-000000000000', 0, NULL, NULL, '1716391c-94e4-408a-be12-3cb78081f775', 0, 0),
	('2628b9dc-4c1a-4049-a871-7bd4509cef6f', '62b904fa-b38f-4686-b2e4-d748fa129c50', 'c9bc125a-dc0e-490e-acc5-021af9feda27', 'test', '2012-10-12 10:18:51', '2012-10-12 10:18:51', 0, NULL, 1, 'test', '00000000-0000-0000-0000-000000000000', 712, '00000000-0000-0000-0000-000000000000', 1, NULL, '', '00000000-0000-0000-0000-000000000000', 0, 0),
	('26385c9b-6a9a-4acf-a9ae-15e73f4ece69', '62b904fa-b38f-4686-b2e4-d748fa129c50', '1716391c-94e4-408a-be12-3cb78081f775', 'test9', '2013-10-15 11:53:29', '2013-10-15 16:43:50', 0, NULL, 1, 'test9', '996af685-90e3-40d1-a5a3-29604c0954d3', 3879, 'e94e2755-91e3-4564-9ca8-81d650580657', 1, NULL, '', '00000000-0000-0000-0000-000000000000', 0, 1),
	('26ec8ff4-29c8-4655-939f-576c888e2c5e', '62b904fa-b38f-4686-b2e4-d748fa129c50', '56157f32-5ed8-499e-a61b-05c4912d2e59', 'A  test of recalls', '2012-09-07 14:32:27', '2012-09-07 15:10:00', 0, NULL, 6, 'Recall tests', '00000000-0000-0000-0000-000000000000', 374, '00000000-0000-0000-0000-000000000000', 1, NULL, 'PatientName: total\nEpisode Period: \nVisit Type: \nDate of Visit: ', 'c9bc125a-dc0e-490e-acc5-021af9feda27', 0, 0),
	('27cdfeef-8735-49c5-84ee-557e333984ae', '62b904fa-b38f-4686-b2e4-d748fa129c50', 'fa411ca6-52ed-4723-a9c7-6dc3269468e1', 'Users require auto save due to they always forgot save notes. ', '2014-02-25 10:03:00', '2014-02-25 10:03:00', 0, NULL, 1, 'Lose Data', '25d618b9-2a2e-4fb3-a230-59fbdb05fce1', 0, '00000000-0000-0000-0000-000000000000', 0, NULL, 'Patient Name: Big Patrick\r\nEpisode Period: \r\nVisit Type: \r\nDate of Visit: ', '00000000-0000-0000-0000-000000000000', 0, 1),
	('28a545b6-bdbf-4b39-a8d0-1cae725f4616', '62b904fa-b38f-4686-b2e4-d748fa129c50', '1716391c-94e4-408a-be12-3cb78081f775', 'test14', '2013-10-15 15:06:34', '2013-10-15 15:06:34', 1, NULL, 1, 'test14', '996af685-90e3-40d1-a5a3-29604c0954d3', 3910, '8bec7f38-5d46-4a54-ab12-ed3e4d3d632d', 0, NULL, '', '00000000-0000-0000-0000-000000000000', 0, 1),
	('28ec16b9-11e3-43dc-8829-3280195a18b1', '62b904fa-b38f-4686-b2e4-d748fa129c50', '1716391c-94e4-408a-be12-3cb78081f775', 'test16-test15', '2013-10-15 16:03:09', '2013-10-15 16:35:56', 0, NULL, 1, 'test16', '996af685-90e3-40d1-a5a3-29604c0954d3', 3913, '7dd4b154-3f3e-4d7f-9f88-cc19bd4517df', 0, NULL, '', '00000000-0000-0000-0000-000000000000', 0, 1),
	('2a8af46b-6a6b-46c5-8317-315e85fa7e05', '62b904fa-b38f-4686-b2e4-d748fa129c50', 'c9bc125a-dc0e-490e-acc5-021af9feda27', 'asdfk', '2012-12-05 10:36:43', '2012-12-05 10:36:43', 1, NULL, 1, 'jklas', '00000000-0000-0000-0000-000000000000', 0, '00000000-0000-0000-0000-000000000000', 0, NULL, '', '00000000-0000-0000-0000-000000000000', 0, 1),
	('2dadeaee-1978-4c92-af12-75782922eb2c', '62b904fa-b38f-4686-b2e4-d748fa129c50', '1716391c-94e4-408a-be12-3cb78081f775', 'test18-test18', '2013-10-16 08:58:47', '2013-10-16 09:37:24', 0, NULL, 1, 'test18', '996af685-90e3-40d1-a5a3-29604c0954d3', 3921, '6bde3a9b-9210-44cc-b8a1-d3fe1d8f3fd5', 1, NULL, 'Patient Name: test test18\r\nEpisode Period: \r\nVisit Type: HHA Visit\r\nDate of Visit: 10/16/2013', '00000000-0000-0000-0000-000000000000', 0, 1),
	('30b4c404-11b4-4065-a1f1-b2adfd9b7da3', '62b904fa-b38f-4686-b2e4-d748fa129c50', '1716391c-94e4-408a-be12-3cb78081f775', 'IOS APP TEST 15', '2013-10-23 17:18:18', '2013-10-23 17:18:55', 0, NULL, 13, 'IOS APP TEST 15', '996af685-90e3-40d1-a5a3-29604c0954d3', 4009, '98a155ec-32e9-4d25-8d11-39ef8c39b27c', 1, NULL, '', '00000000-0000-0000-0000-000000000000', 0, 1),
	('3787d7df-7e77-43da-9409-e3fc9734045c', '62b904fa-b38f-4686-b2e4-d748fa129c50', 'c9bc125a-dc0e-490e-acc5-021af9feda27', 'test', '2012-10-12 10:20:44', '2012-10-31 09:57:50', 0, NULL, 8, 'update test', '00000000-0000-0000-0000-000000000000', 714, '00000000-0000-0000-0000-000000000000', 0, NULL, 'Previous Software: test\r\n', 'c9bc125a-dc0e-490e-acc5-021af9feda27', 0, 0),
	('3aa6b082-8cf2-40cf-8178-491c09b107f1', '62b904fa-b38f-4686-b2e4-d748fa129c50', '1716391c-94e4-408a-be12-3cb78081f775', 'AndroidApp test3', '2013-10-23 16:29:35', '2013-10-23 17:15:52', 0, NULL, 14, 'AndroidApp test3', '996af685-90e3-40d1-a5a3-29604c0954d3', 4006, '77e6a17b-6c4b-45cf-9dc2-167a38e234a1', 1, NULL, '', '00000000-0000-0000-0000-000000000000', 0, 1),
	('3bec87b1-34bf-4b0c-a484-d6763903d18b', '62b904fa-b38f-4686-b2e4-d748fa129c50', '1716391c-94e4-408a-be12-3cb78081f775', 'IOS2', '2013-10-23 18:08:56', '2013-10-23 18:08:56', 0, NULL, 13, 'IOS2', '996af685-90e3-40d1-a5a3-29604c0954d3', 4013, '00000000-0000-0000-0000-000000000000', 0, NULL, '', '00000000-0000-0000-0000-000000000000', 0, 1),
	('3cc85e09-78f3-4e42-b317-a81b3d08d96c', '62b904fa-b38f-4686-b2e4-d748fa129c50', '1716391c-94e4-408a-be12-3cb78081f775', 'test6', '2013-10-15 10:24:22', '2013-10-15 10:36:35', 1, NULL, 1, 'test6', '996af685-90e3-40d1-a5a3-29604c0954d3', 3868, '00000000-0000-0000-0000-000000000000', 0, NULL, '', '1716391c-94e4-408a-be12-3cb78081f775', 0, 0),
	('3e30e78c-f191-4afc-a6ab-d6178493bee0', '62b904fa-b38f-4686-b2e4-d748fa129c50', 'fa411ca6-52ed-4723-a9c7-6dc3269468e1', 'User can not login mobile app due to forget pin/passcode in device. Needs help!\r\n', '2014-02-25 09:56:21', '2014-02-25 09:56:21', 0, NULL, 13, 'User forgets pin/passcode. ', '996af685-90e3-40d1-a5a3-29604c0954d3', 0, '00000000-0000-0000-0000-000000000000', 0, NULL, 'Patient Name: Sponge Bob \r\nEpisode Period: \r\nVisit Type: \r\nDate of Visit: ', '00000000-0000-0000-0000-000000000000', 0, 1),
	('4255fc8e-eb88-49aa-b124-1b559fe74aed', '62b904fa-b38f-4686-b2e4-d748fa129c50', 'fa411ca6-52ed-4723-a9c7-6dc3269468e1', 'Use doesn\'t know how to connect wifi. ', '2014-02-25 09:47:41', '2014-02-25 11:03:38', 0, '', 14, 'Can not connect', 'b2f15a33-2554-4521-a36e-5cf18bbe7485', 0, '00000000-0000-0000-0000-000000000000', 1, '', '', '00000000-0000-0000-0000-000000000000', 0, 1),
	('42cfbad3-f915-4149-a2c3-4f7604bef990', '62b904fa-b38f-4686-b2e4-d748fa129c50', '1716391c-94e4-408a-be12-3cb78081f775', 'test', '2013-12-27 14:34:07', '2013-12-27 14:36:28', 1, NULL, 1, 'testing', '996af685-90e3-40d1-a5a3-29604c0954d3', 0, 'b8dcf0ed-bc31-4b3a-b172-7b4ea0e62a14', 0, NULL, '', '00000000-0000-0000-0000-000000000000', 0, 1),
	('460cc528-88cd-48be-bf93-930a4a4c67a1', '62b904fa-b38f-4686-b2e4-d748fa129c50', 'fa411ca6-52ed-4723-a9c7-6dc3269468e1', 'This user can not open the system message. ', '2014-02-25 11:08:14', '2014-02-25 11:08:14', 0, NULL, 1, 'Can not open message ', '996af685-90e3-40d1-a5a3-29604c0954d3', 0, '00000000-0000-0000-0000-000000000000', 0, NULL, '', '00000000-0000-0000-0000-000000000000', 0, 1),
	('47872eec-8a9f-4423-9b8e-b88b21464030', '62b904fa-b38f-4686-b2e4-d748fa129c50', '1716391c-94e4-408a-be12-3cb78081f775', 'test4', '0001-01-01 00:00:00', '0001-01-01 00:00:00', 0, NULL, 1, 'test4', '996af685-90e3-40d1-a5a3-29604c0954d3', 0, '00000000-0000-0000-0000-000000000000', 0, NULL, NULL, '1716391c-94e4-408a-be12-3cb78081f775', 0, 0),
	('48c6fb27-9417-4fba-96ca-f5e869880c3c', '62b904fa-b38f-4686-b2e4-d748fa129c50', '1716391c-94e4-408a-be12-3cb78081f775', 'test3', '2013-10-14 18:43:46', '2013-10-14 18:43:46', 1, NULL, 1, 'test3', '996af685-90e3-40d1-a5a3-29604c0954d3', 0, '7e18f595-153f-4bb9-8802-798ee6653d89', 0, NULL, '', '00000000-0000-0000-0000-000000000000', 0, 1),
	('4afd7652-b7ad-4556-a594-21a91fc66306', '62b904fa-b38f-4686-b2e4-d748fa129c50', 'c9bc125a-dc0e-490e-acc5-021af9feda27', 'software', '2012-11-19 11:30:51', '2012-11-19 11:30:51', 1, NULL, 8, 'sfas', '00000000-0000-0000-0000-000000000000', 1014, '00000000-0000-0000-0000-000000000000', 1, NULL, 'Previous Software: \r\n', '00000000-0000-0000-0000-000000000000', 0, 0),
	('4b320faf-427e-469e-9ade-8f2b62fd5999', '62b904fa-b38f-4686-b2e4-d748fa129c50', 'c9bc125a-dc0e-490e-acc5-021af9feda27', 'test', '2012-10-30 12:41:35', '2012-10-30 13:44:31', 0, NULL, 8, 'Previous tewwst', '00000000-0000-0000-0000-000000000000', 871, '00000000-0000-0000-0000-000000000000', 1, NULL, 'Patient Name: hello\r\nEpisode Period: \r\nVisit Type: \r\nDate of Visit: \r\nPrevious Software: test\r\n', 'c9bc125a-dc0e-490e-acc5-021af9feda27', 0, 0),
	('4c44570b-8ef6-4ab0-a9fa-93cb70ba012a', '62b904fa-b38f-4686-b2e4-d748fa129c50', '976cf164-6708-40c4-9566-45286ad0f553', 'Testing purpose going on and on and on', '2014-02-20 12:18:58', '2014-02-20 12:18:58', 0, NULL, 1, 'Testing Customer Note 2 ', '338ae113-667a-463c-9ff4-e366ad2d7bf7', 0, '00000000-0000-0000-0000-000000000000', 0, NULL, 'Patient Name: White Swan\r\nEpisode Period: \r\nVisit Type: SW\r\nDate of Visit: ', '00000000-0000-0000-0000-000000000000', 0, 1),
	('4cd535e6-6786-491b-acee-ee3dd22c820d', '62b904fa-b38f-4686-b2e4-d748fa129c50', 'c9bc125a-dc0e-490e-acc5-021af9feda27', 'test', '2012-10-16 08:59:23', '2012-10-16 08:59:23', 0, NULL, 3, 'asd', '00000000-0000-0000-0000-000000000000', 758, 'ff7d0f94-ddb2-4926-a6bc-302f6aa90de0', 1, NULL, '', '00000000-0000-0000-0000-000000000000', 255, 0),
	('506a727d-6c39-4cb0-ab2a-1f9ee64b6ef0', '62b904fa-b38f-4686-b2e4-d748fa129c50', 'cdb25c6d-2460-4351-af7f-79bd2a27e2dd', 'hello shradha, \r\n\r\ncan you view this note ', '2014-02-25 17:20:19', '2014-02-25 17:20:19', 0, NULL, 14, 'tesing redmine', '00000000-0000-0000-0000-000000000000', 0, '00000000-0000-0000-0000-000000000000', 0, NULL, '', '00000000-0000-0000-0000-000000000000', 0, 1),
	('524ae76c-fe6d-4d1d-b96c-ebd27b8f3c7c', '62b904fa-b38f-4686-b2e4-d748fa129c50', 'c9bc125a-dc0e-490e-acc5-021af9feda27', 'test', '2012-08-31 09:28:34', '2012-08-31 09:28:34', 0, NULL, 5, 'test', '00000000-0000-0000-0000-000000000000', 0, '00000000-0000-0000-0000-000000000000', 0, NULL, '', '00000000-0000-0000-0000-000000000000', 0, 0),
	('5454fdf8-35fa-4ec5-8479-a3258699d248', '62b904fa-b38f-4686-b2e4-d748fa129c50', '1716391c-94e4-408a-be12-3cb78081f775', 'test6', '2013-10-15 10:37:11', '2013-10-15 10:37:11', 1, NULL, 1, 'test6', '996af685-90e3-40d1-a5a3-29604c0954d3', 3868, '676e4bf7-0b9b-4a13-a1b5-a0a59ad29d82', 0, NULL, '', '1716391c-94e4-408a-be12-3cb78081f775', 0, 1),
	('572b9c9d-5085-416b-ad57-326e112fd53a', '62b904fa-b38f-4686-b2e4-d748fa129c50', '1716391c-94e4-408a-be12-3cb78081f775', 'ANDROID 24', '2013-10-23 19:30:46', '2013-10-23 19:36:04', 0, NULL, 14, 'ANDROID 24', '996af685-90e3-40d1-a5a3-29604c0954d3', 4016, '2df746f6-6e19-4412-b90d-d2f3c566c227', 1, NULL, '', '00000000-0000-0000-0000-000000000000', 0, 1),
	('59ad88c5-e32b-4e27-8b38-7d87a8a6aac1', '62b904fa-b38f-4686-b2e4-d748fa129c50', 'c9bc125a-dc0e-490e-acc5-021af9feda27', 'Lorem ipsum dolor sit amet, consectetur adipiscing elit. Sed sollicitudin mi et purus placerat rutrum. Integer condimentum adipiscing tempus. Proin tempor lobortis purus non pretium. Aenean tempus, libero nec aliquet tempus, odio magna vulputate felis, a mollis risus enim non libero. Ut a felis sem, eu lacinia quam. Donec laoreet accumsan consectetur. Aliquam molestie porta neque. Vestibulum turpis odio, eleifend sed aliquam sed, convallis nec odio. Donec molestie est sit amet nunc vehicula facilisis. Quisque fermentum pellentesque ipsum, vitae laoreet dolor vestibulum ut. Integer nulla mauris, ultricies vel ultricies sed, mattis quis quam. Ut scelerisque dolor eget enim hendrerit eget dignissim odio lobortis. Aliquam ut magna tortor.\r\n\r\nEtiam consectetur ipsum quis lacus semper lacinia nec commodo odio. Maecenas fermentum elit et lacus blandit quis accumsan dui blandit. Proin vehicula metus quis tellus tempor accumsan. Aliquam sed nibh justo. Pellentesque eleifend bibendum varius. Nullam non diam leo. Vestibulum scelerisque sodales nisi vel molestie. Praesent in ante et tellus tristique ultrices. Curabitur eget mauris neque, sit amet egestas tellus. Proin a urna tellus, vel tristique lorem. Fusce sem arcu, blandit non pulvinar eu, tristique consequat leo.\r\n\r\nQuisque ac lectus ac ante gravida auctor. Suspendisse sed enim nulla, in iaculis libero. Sed commodo leo et lorem imperdiet varius. Nulla a libero enim, non consequat purus. Duis vitae diam lectus. Donec porta lectus dui. Cras ornare suscipit tempus. Mauris sit amet felis arcu. Nullam id odio felis. Nullam ante lorem, condimentum a vulputate eget, facilisis ac risus. Ut et dui vel magna accumsan blandit id a turpis.', '2012-10-11 14:31:48', '2012-10-11 14:31:56', 0, NULL, 1, 'tyiyugt', '00000000-0000-0000-0000-000000000000', 0, '00000000-0000-0000-0000-000000000000', 0, NULL, '', 'c9bc125a-dc0e-490e-acc5-021af9feda27', 0, 0),
	('5b12ba70-647e-46a7-87b2-398c2165d4dd', '62b904fa-b38f-4686-b2e4-d748fa129c50', 'c9bc125a-dc0e-490e-acc5-021af9feda27', 'testa', '2012-08-31 09:52:14', '2012-09-05 10:31:05', 0, NULL, 5, 'testa', '00000000-0000-0000-0000-000000000000', 0, '00000000-0000-0000-0000-000000000000', 1, NULL, '', 'c9bc125a-dc0e-490e-acc5-021af9feda27', 0, 0),
	('5bcd7f3d-89fe-4104-8e3b-41572e622e41', '62b904fa-b38f-4686-b2e4-d748fa129c50', '4b19904b-2047-46ac-816d-b8bbdca9666c', 'just for test........', '2014-02-17 17:01:57', '2014-02-17 17:01:57', 0, NULL, 1, 'test ', '25d618b9-2a2e-4fb3-a230-59fbdb05fce1', 0, '00000000-0000-0000-0000-000000000000', 0, NULL, '', '00000000-0000-0000-0000-000000000000', 0, 1),
	('5bef5f3f-49d8-49bb-83d2-8a9b3e1cbd92', '62b904fa-b38f-4686-b2e4-d748fa129c50', '1716391c-94e4-408a-be12-3cb78081f775', 'test5', '2013-10-15 08:49:54', '2013-10-15 08:49:54', 1, NULL, 1, 'test5', '996af685-90e3-40d1-a5a3-29604c0954d3', 0, 'ac6493d1-11ba-4b36-bae8-9d2b42f635b2', 0, NULL, '', '00000000-0000-0000-0000-000000000000', 0, 1),
	('5c71f782-eda8-4439-99f1-c888825a569b', '62b904fa-b38f-4686-b2e4-d748fa129c50', '1716391c-94e4-408a-be12-3cb78081f775', 'test12', '2013-10-15 13:03:28', '2013-10-15 13:42:19', 0, NULL, 1, 'test12', '996af685-90e3-40d1-a5a3-29604c0954d3', 3904, '89f2e317-2e32-4bad-ba29-a9ef87ac9fee', 1, NULL, '', '00000000-0000-0000-0000-000000000000', 0, 1),
	('5e687404-eb0e-4b44-91f0-dbd85659ea5c', '62b904fa-b38f-4686-b2e4-d748fa129c50', 'c9bc125a-dc0e-490e-acc5-021af9feda27', 'test', '2012-12-05 10:27:13', '2012-12-05 10:27:13', 1, NULL, 2, 'test', '00000000-0000-0000-0000-000000000000', 0, '00000000-0000-0000-0000-000000000000', 0, NULL, '', '00000000-0000-0000-0000-000000000000', 0, 0),
	('5eed003a-e300-4f0b-9b71-d4c69befe845', '5928d80a-713c-468b-9d30-6b0135ba352e', 'fa411ca6-52ed-4723-a9c7-6dc3269468e1', '"Send" still doesn\'t work. ', '2014-02-25 16:01:13', '2014-02-25 16:01:13', 0, NULL, 1, 'Sent doesn\'t work ', 'c5f9d9bd-4b28-416f-90fc-cd11eb9a61eb', 0, '00000000-0000-0000-0000-000000000000', 0, NULL, '', '00000000-0000-0000-0000-000000000000', 0, 1),
	('5fffba3e-b2ef-44d6-ba15-84bc1aaf182c', '5928d80a-713c-468b-9d30-6b0135ba352e', '56157f32-5ed8-499e-a61b-05c4912d2e59', 'gsdfgdfgfdgfgdfg', '2014-02-25 16:09:26', '2014-02-25 16:09:26', 0, NULL, 1, 'test', 'c5f9d9bd-4b28-416f-90fc-cd11eb9a61eb', 0, '00000000-0000-0000-0000-000000000000', 0, NULL, 'Patient Name: none\r\nEpisode Period: \r\nVisit Type: \r\nDate of Visit: ', '00000000-0000-0000-0000-000000000000', 0, 1),
	('62e028e5-e02b-4417-8fe9-c8cdee152486', '62b904fa-b38f-4686-b2e4-d748fa129c50', '1716391c-94e4-408a-be12-3cb78081f775', 'test new note type2', '2013-10-23 10:27:12', '2013-10-23 14:43:03', 0, NULL, 13, 'test new note type', '996af685-90e3-40d1-a5a3-29604c0954d3', 0, '52331c0d-8ad5-4b6d-b583-83896d6b0ed6', 1, NULL, '', '00000000-0000-0000-0000-000000000000', 0, 1),
	('632e1acf-fdbf-4ec6-b41f-86594c01d5dd', '62b904fa-b38f-4686-b2e4-d748fa129c50', '1716391c-94e4-408a-be12-3cb78081f775', 'here is a test', '2013-10-14 17:33:43', '2013-10-14 17:50:37', 1, NULL, 1, 'testing', '00000000-0000-0000-0000-000000000000', 3858, '2523281e-397f-4d90-b35b-8f61b6fb9ec0', 0, NULL, '', '1716391c-94e4-408a-be12-3cb78081f775', 0, 0),
	('651184a8-a94c-49ce-8308-a5f04f4b8515', '76961263-e928-4df4-8752-613ff49bd002', '00000000-0000-0000-0000-000000000000', 'The Greatest Story Ever Told is a 1965 American epic film produced and directed by George Stevens and distributed by United Artists. It is a retelling of the story of Jesus Christ, from the Nativity through the Resurrection. This film is notable for its large ensemble cast and for being the last film appearance of Claude Rains.', '0001-01-01 00:00:00', '0001-01-01 00:00:00', 0, '<ArrayOfGuid>\r\n  <guid>56157f32-5ed8-499e-a61b-05c4912d2e59</guid>\r\n  <guid>c9bc125a-dc0e-490e-acc5-021af9feda27</guid>\r\n</ArrayOfGuid>', 0, '', '00000000-0000-0000-0000-000000000000', 0, '00000000-0000-0000-0000-000000000000', 0, NULL, NULL, '00000000-0000-0000-0000-000000000000', 0, 0),
	('668ef63b-79ef-4be2-bf3d-834462bf702e', '62b904fa-b38f-4686-b2e4-d748fa129c50', 'c9bc125a-dc0e-490e-acc5-021af9feda27', 'TEst', '2012-10-30 08:19:40', '2012-10-30 08:19:40', 0, NULL, 8, 'Test Data Load', '00000000-0000-0000-0000-000000000000', 863, '00000000-0000-0000-0000-000000000000', 1, NULL, '', '00000000-0000-0000-0000-000000000000', 0, 0),
	('695b0b34-afef-48f7-a8a3-96ca17c01e01', '62b904fa-b38f-4686-b2e4-d748fa129c50', 'c9bc125a-dc0e-490e-acc5-021af9feda27', 'tttesst', '2012-12-05 10:26:35', '2012-12-05 10:26:35', 1, NULL, 2, 'test', '00000000-0000-0000-0000-000000000000', 0, '00000000-0000-0000-0000-000000000000', 0, NULL, '', '00000000-0000-0000-0000-000000000000', 0, 0),
	('6a218661-1fd0-4c5a-a5bc-10ea380e6cb1', '62b904fa-b38f-4686-b2e4-d748fa129c50', 'c9bc125a-dc0e-490e-acc5-021af9feda27', 'test note', '2012-08-31 09:26:56', '2012-08-31 09:26:56', 0, NULL, 5, 'Test note', '00000000-0000-0000-0000-000000000000', 0, '00000000-0000-0000-0000-000000000000', 1, NULL, '', '00000000-0000-0000-0000-000000000000', 0, 0),
	('6ce9279f-4702-4939-96bc-2c7662a95515', '62b904fa-b38f-4686-b2e4-d748fa129c50', 'c9bc125a-dc0e-490e-acc5-021af9feda27', 'test', '2012-12-05 10:24:35', '2012-12-05 10:24:35', 1, NULL, 1, 'TEst', '00000000-0000-0000-0000-000000000000', 0, '00000000-0000-0000-0000-000000000000', 0, NULL, '', '00000000-0000-0000-0000-000000000000', 0, 0),
	('6db440bf-e9f9-466b-97c0-aa800375e930', '62b904fa-b38f-4686-b2e4-d748fa129c50', 'c9bc125a-dc0e-490e-acc5-021af9feda27', 'asdf', '2012-11-19 11:33:22', '2012-11-19 11:33:22', 1, NULL, 8, 'asd', '00000000-0000-0000-0000-000000000000', 1015, '00000000-0000-0000-0000-000000000000', 1, NULL, 'Previous Software: \r\n', '00000000-0000-0000-0000-000000000000', 0, 0),
	('6fa804ab-b462-4318-bba3-13d8de8b21ed', '62b904fa-b38f-4686-b2e4-d748fa129c50', 'c9bc125a-dc0e-490e-acc5-021af9feda27', 'Lorem ipsum dolor sit amet, consectetur adipiscing elit. Sed sollicitudin mi et purus placerat rutrum. Integer condimentum adipiscing tempus. Proin tempor lobortis purus non pretium. Aenean tempus, libero nec aliquet tempus, odio magna vulputate felis, a mollis risus enim non libero. Ut a felis sem, eu lacinia quam. Donec laoreet accumsan consectetur. Aliquam molestie porta neque. Vestibulum turpis odio, eleifend sed aliquam sed, convallis nec odio. Donec molestie est sit amet nunc vehicula facilisis. Quisque fermentum pellentesque ipsum, vitae laoreet dolor vestibulum ut. Integer nulla mauris, ultricies vel ultricies sed, mattis quis quam. Ut scelerisque dolor eget enim hendrerit eget dignissim odio lobortis. Aliquam ut magna tortor.\r\n\r\nEtiam consectetur ipsum quis lacus semper lacinia nec commodo odio. Maecenas fermentum elit et lacus blandit quis accumsan dui blandit. Proin vehicula metus quis tellus tempor accumsan. Aliquam sed nibh justo. Pellentesque eleifend bibendum varius. Nullam non diam leo. Vestibulum scelerisque sodales nisi vel molestie. Praesent in ante et tellus tristique ultrices. Curabitur eget mauris neque, sit amet egestas tellus. Proin a urna tellus, vel tristique lorem. Fusce sem arcu, blandit non pulvinar eu, tristique consequat leo.\r\n\r\nQuisque ac lectus ac ante gravida auctor. Suspendisse sed enim nulla, in iaculis libero. Sed commodo leo et lorem imperdiet varius. Nulla a libero enim, non consequat purus. Duis vitae diam lectus. Donec porta lectus dui. Cras ornare suscipit tempus. Mauris sit amet felis arcu. Nullam id odio felis. Nullam ante lorem, condimentum a vulputate eget, facilisis ac risus. Ut et dui vel magna accumsan blandit id a turpis.', '2012-10-11 14:22:47', '2012-10-11 14:22:47', 0, NULL, 1, 'as asdfasdfasdf asdf asd asdfasd', 'd0b2e18f-1646-4189-b22f-a09e3c43fba0', 698, '91f0e569-bf46-4cf1-8610-8568fcc6f903', 1, NULL, 'Patient Name: asdfas, asdfasdf\r\nEpisode Period: \r\nVisit Type: \r\nDate of Visit: ', '00000000-0000-0000-0000-000000000000', 0, 0),
	('72555194-2b57-49dc-8195-12966203eed7', '50dd4c00-1b8c-4fb5-b596-b795db46425e', '56157f32-5ed8-499e-a61b-05c4912d2e59', 'utrfyru', '2014-02-25 16:18:23', '2014-02-25 16:18:23', 0, NULL, 1, 'sdsdfgdf', '2ab0cccd-27a5-468d-adde-db5d0c7c31b1', 0, 'e8794181-15dc-4d14-96bb-39dc158b0899', 0, NULL, '', '00000000-0000-0000-0000-000000000000', 0, 1),
	('75db1ab6-6cb3-4416-95ae-8af08c5dc900', '62b904fa-b38f-4686-b2e4-d748fa129c50', 'c9bc125a-dc0e-490e-acc5-021af9feda27', 'and another', '2012-08-31 09:27:17', '2012-08-31 09:27:17', 1, NULL, 5, 'and another', '00000000-0000-0000-0000-000000000000', 0, '00000000-0000-0000-0000-000000000000', 0, NULL, '', '00000000-0000-0000-0000-000000000000', 0, 0),
	('76a2c644-2c31-411c-9ccc-dd2adbc39cda', '62b904fa-b38f-4686-b2e4-d748fa129c50', '1716391c-94e4-408a-be12-3cb78081f775', 'testing334455', '2014-01-06 17:20:22', '2014-01-06 17:20:22', 0, NULL, 1, 'testing334455', '996af685-90e3-40d1-a5a3-29604c0954d3', 0, '00000000-0000-0000-0000-000000000000', 0, NULL, '', '00000000-0000-0000-0000-000000000000', 0, 1),
	('78864d0b-ec0a-48ff-bb5b-8f7610ffd497', '62b904fa-b38f-4686-b2e4-d748fa129c50', 'c9bc125a-dc0e-490e-acc5-021af9feda27', 'test', '2012-12-07 16:04:11', '2013-10-15 12:39:59', 0, NULL, 1, 'test note 1', '00000000-0000-0000-0000-000000000000', 3895, 'fd18b541-20fd-49aa-9c03-f0f2a46f9b24', 1, NULL, '', '00000000-0000-0000-0000-000000000000', 0, 0),
	('7a4f441e-cd57-43ee-88d4-a8ba9b320050', '62b904fa-b38f-4686-b2e4-d748fa129c50', '1716391c-94e4-408a-be12-3cb78081f775', 'Private Duty test 04', '2013-10-24 12:14:19', '2013-10-24 12:25:40', 0, NULL, 15, 'Private Duty test 04', '996af685-90e3-40d1-a5a3-29604c0954d3', 4032, '110c47bd-5297-4ac0-bde4-0657c69599a4', 1, NULL, '', '00000000-0000-0000-0000-000000000000', 0, 1),
	('7e400a29-586e-41d0-8425-f21ed0f23406', '62b904fa-b38f-4686-b2e4-d748fa129c50', '1716391c-94e4-408a-be12-3cb78081f775', 'test22-test2234', '2013-10-16 10:44:06', '2013-10-16 11:22:41', 0, NULL, 1, 'test22', '996af685-90e3-40d1-a5a3-29604c0954d3', 3928, '7a148d05-f853-4350-b565-46bd61895b06', 1, NULL, '', '00000000-0000-0000-0000-000000000000', 0, 1),
	('7fff7095-5245-4fcf-9555-7f772bb963d5', '62b904fa-b38f-4686-b2e4-d748fa129c50', 'fa411ca6-52ed-4723-a9c7-6dc3269468e1', 'User can not login.', '2014-02-25 09:42:03', '2014-02-25 09:42:03', 0, NULL, 13, 'Can not login ', '25d618b9-2a2e-4fb3-a230-59fbdb05fce1', 0, '00000000-0000-0000-0000-000000000000', 0, NULL, 'Patient Name: Equis\r\nEpisode Period: \r\nVisit Type: \r\nDate of Visit: ', '00000000-0000-0000-0000-000000000000', 0, 1),
	('8022d586-fa6e-4a9e-8200-0e02345fbf3e', '62b904fa-b38f-4686-b2e4-d748fa129c50', '1716391c-94e4-408a-be12-3cb78081f775', 'Private Duty 004', '2013-10-24 12:27:29', '2013-10-24 12:33:08', 0, NULL, 15, 'Private Duty 004', '996af685-90e3-40d1-a5a3-29604c0954d3', 4033, 'c043c6b1-cdd2-4abf-bfe8-99ddf5c680bb', 1, NULL, '', '00000000-0000-0000-0000-000000000000', 0, 1),
	('87983fd9-7ec1-4243-ae10-ac753ee07c1b', '62b904fa-b38f-4686-b2e4-d748fa129c50', 'c9bc125a-dc0e-490e-acc5-021af9feda27', 'nope', '2012-10-12 10:17:19', '2012-10-12 10:17:19', 0, NULL, 1, 'nope', '00000000-0000-0000-0000-000000000000', 711, '00000000-0000-0000-0000-000000000000', 1, NULL, '', '00000000-0000-0000-0000-000000000000', 0, 0),
	('8c2be2fe-54a5-4d67-8d51-112ae628da58', '117c8212-ed62-4f50-bcb2-9c570a8bb67c', 'c9bc125a-dc0e-490e-acc5-021af9feda27', 'Test Note', '2012-09-24 14:05:41', '2012-09-24 14:05:41', 1, NULL, 1, 'Test Note', 'c82be616-b559-44cc-8eac-ab639d643906', 542, '00000000-0000-0000-0000-000000000000', 1, NULL, 'Patient Name: TRest\r\nEpisode Period: test\r\nVisit Type:    \r\nDate of Visit:    ', '00000000-0000-0000-0000-000000000000', 0, 0),
	('8dedea23-f93d-4bac-b367-5fae75afe878', '62b904fa-b38f-4686-b2e4-d748fa129c50', '1716391c-94e4-408a-be12-3cb78081f775', 'test25-test25', '2013-10-16 11:45:58', '2013-10-16 12:36:20', 0, NULL, 1, 'test25', '996af685-90e3-40d1-a5a3-29604c0954d3', 3934, '563db6c8-b3c3-4959-9820-0870c5d1e1c1', 1, NULL, '', '00000000-0000-0000-0000-000000000000', 0, 1),
	('8efeac34-2798-4445-b742-9d3e12e7e541', '62b904fa-b38f-4686-b2e4-d748fa129c50', '1e3f8cba-3c85-4b56-b16f-ae20c14292ce', 'test0217', '2014-02-17 15:54:15', '2014-02-19 11:59:03', 0, NULL, 1, 'test0217', '996af685-90e3-40d1-a5a3-29604c0954d3', 0, '00000000-0000-0000-0000-000000000000', 0, NULL, '', '00000000-0000-0000-0000-000000000000', 0, 1),
	('91122880-9fc4-4724-8111-285ea0b52e20', '62b904fa-b38f-4686-b2e4-d748fa129c50', '1716391c-94e4-408a-be12-3cb78081f775', 'test15', '2013-10-15 16:01:34', '2013-10-15 17:24:28', 0, NULL, 1, 'test15', '996af685-90e3-40d1-a5a3-29604c0954d3', 3912, 'edf97f38-3d44-4406-a3bf-084bc3628781', 1, NULL, '', '00000000-0000-0000-0000-000000000000', 0, 1),
	('91c695ec-283a-40bd-9aaf-1dcaa71a33a2', '62b904fa-b38f-4686-b2e4-d748fa129c50', 'c9bc125a-dc0e-490e-acc5-021af9feda27', 'test', '2012-12-07 16:01:30', '2012-12-07 16:01:30', 0, NULL, 1, 'test', '00000000-0000-0000-0000-000000000000', 1172, '00000000-0000-0000-0000-000000000000', 1, NULL, '', '00000000-0000-0000-0000-000000000000', 0, 0),
	('9614a78b-d14b-4628-b7fa-a6d46ae23ab3', '62b904fa-b38f-4686-b2e4-d748fa129c50', '1716391c-94e4-408a-be12-3cb78081f775', 'Private Duty test 01', '2013-10-24 12:09:49', '2013-10-24 12:09:49', 0, NULL, 1, 'Private Duty test 01', '996af685-90e3-40d1-a5a3-29604c0954d3', 4031, '203983b4-dde4-4eaa-b3ac-7b2d1205ae57', 0, NULL, '', '00000000-0000-0000-0000-000000000000', 0, 1),
	('96c1f56b-19f9-4c4f-b193-ad0d0c6319d7', '62b904fa-b38f-4686-b2e4-d748fa129c50', '1716391c-94e4-408a-be12-3cb78081f775', 'test5', '2013-10-15 10:58:43', '2013-10-15 11:21:57', 1, NULL, 1, 'test5', '996af685-90e3-40d1-a5a3-29604c0954d3', 3874, '00000000-0000-0000-0000-000000000000', 1, NULL, '', '1716391c-94e4-408a-be12-3cb78081f775', 0, 0),
	('9701da9d-f571-4dac-9c9f-64addc447646', '5fb34683-19f2-4d70-8dbf-85ddd7c7a648', 'c9bc125a-dc0e-490e-acc5-021af9feda27', 'test', '2012-09-05 14:33:37', '2012-09-06 12:06:12', 0, NULL, 5, 'go tests', '00000000-0000-0000-0000-000000000000', 0, '00000000-0000-0000-0000-000000000000', 0, NULL, '', 'c9bc125a-dc0e-490e-acc5-021af9feda27', 0, 0),
	('97e16628-9d6f-481f-8883-caae8954b634', '62b904fa-b38f-4686-b2e4-d748fa129c50', 'c9bc125a-dc0e-490e-acc5-021af9feda27', 'tests', '2012-10-30 12:26:56', '2012-10-30 12:26:56', 0, NULL, 4, 'TEst', '00000000-0000-0000-0000-000000000000', 0, '00000000-0000-0000-0000-000000000000', 1, NULL, '', '00000000-0000-0000-0000-000000000000', 255, 0),
	('9b52287c-69f7-4897-804e-b22c03a65617', '62b904fa-b38f-4686-b2e4-d748fa129c50', '1716391c-94e4-408a-be12-3cb78081f775', 'Private1', '2013-10-24 12:35:15', '2013-10-24 12:35:15', 0, NULL, 15, 'Private1', '996af685-90e3-40d1-a5a3-29604c0954d3', 4034, 'd5630953-ccce-4bb4-ac0c-1a5f40362664', 0, NULL, '', '00000000-0000-0000-0000-000000000000', 0, 1),
	('9c0b8852-8619-41e4-afbb-bb60df7cfa3d', '62b904fa-b38f-4686-b2e4-d748fa129c50', 'c9bc125a-dc0e-490e-acc5-021af9feda27', 'Test', '2012-10-30 09:23:02', '2012-10-30 09:23:40', 0, NULL, 1, 'Test', '00000000-0000-0000-0000-000000000000', 865, 'dd78ef7b-4f0a-4ca9-b6d7-e2ad2065d61b', 0, NULL, '', 'c9bc125a-dc0e-490e-acc5-021af9feda27', 0, 0),
	('9d001b35-a34b-46ed-a992-900f37e9d140', '62b904fa-b38f-4686-b2e4-d748fa129c50', '1716391c-94e4-408a-be12-3cb78081f775', 'test26', '2013-10-16 12:37:27', '2013-10-16 12:49:12', 0, NULL, 1, 'test26-test26', '996af685-90e3-40d1-a5a3-29604c0954d3', 3936, '0b1d6b9b-02d5-4fcb-a694-f38dc15bfe5a', 1, NULL, '', '00000000-0000-0000-0000-000000000000', 0, 1),
	('9d40415e-1850-4dc6-a655-eeeea885499d', '62b904fa-b38f-4686-b2e4-d748fa129c50', 'c9bc125a-dc0e-490e-acc5-021af9feda27', 'test', '2012-12-05 10:38:39', '2012-12-05 10:42:10', 0, NULL, 2, 'testss', '00000000-0000-0000-0000-000000000000', 1140, '00000000-0000-0000-0000-000000000000', 0, NULL, '', 'c9bc125a-dc0e-490e-acc5-021af9feda27', 0, 1),
	('a08b31b0-5a19-4d24-818f-d3aa829eeeec', '62b904fa-b38f-4686-b2e4-d748fa129c50', 'c9bc125a-dc0e-490e-acc5-021af9feda27', 'redmine test', '2012-08-28 10:35:38', '2012-08-28 10:35:38', 0, '', 3, 'a test of redmine', '00000000-0000-0000-0000-000000000000', 308, '00000000-0000-0000-0000-000000000000', 1, '', '', '00000000-0000-0000-0000-000000000000', 0, 0),
	('a1b0bde1-91d4-42a6-a6b7-333440dd6193', '62b904fa-b38f-4686-b2e4-d748fa129c50', 'c9bc125a-dc0e-490e-acc5-021af9feda27', 'testtt', '2012-11-19 11:34:55', '2012-11-19 11:34:55', 0, NULL, 8, 'tests', '00000000-0000-0000-0000-000000000000', 1016, '00000000-0000-0000-0000-000000000000', 1, NULL, 'Previous Software: Test soft\r\n', '00000000-0000-0000-0000-000000000000', 0, 0),
	('a3422f4f-1c47-4a21-90e4-5aa45d8d1391', '62b904fa-b38f-4686-b2e4-d748fa129c50', 'c9bc125a-dc0e-490e-acc5-021af9feda27', 'test', '2012-09-17 13:08:25', '2012-09-17 13:08:25', 1, NULL, 2, 'test', '48f69c73-ed1e-4da3-9cdb-41eb933c1e7f', 0, '00000000-0000-0000-0000-000000000000', 1, NULL, 'PatientName: test\nEpisode Period: \nVisit Type: test\nDate of Visit: ', '00000000-0000-0000-0000-000000000000', 0, 0),
	('a74e968b-0f0f-4ebb-90c0-9f1f2f61088b', '62b904fa-b38f-4686-b2e4-d748fa129c50', '1e3f8cba-3c85-4b56-b16f-ae20c14292ce', 'testing with attachment', '2014-02-26 15:18:32', '2014-02-26 15:18:32', 0, NULL, 1, 'testing with attachment', '996af685-90e3-40d1-a5a3-29604c0954d3', 0, 'ab187d0c-a6ae-4896-9b77-8eaad1c36a62', 0, NULL, '', '00000000-0000-0000-0000-000000000000', 0, 1),
	('a7f0b16d-31be-45e1-bf61-40b92236bd81', '62b904fa-b38f-4686-b2e4-d748fa129c50', '1716391c-94e4-408a-be12-3cb78081f775', 'test2', '2013-10-14 17:57:42', '2013-10-14 17:57:42', 1, NULL, 1, 'test2', '996af685-90e3-40d1-a5a3-29604c0954d3', 0, 'a35e7278-346d-4d87-97cb-58821c280a52', 0, NULL, '', '00000000-0000-0000-0000-000000000000', 0, 1),
	('ab2ace19-b564-43a2-829f-798424ef3112', '62b904fa-b38f-4686-b2e4-d748fa129c50', '1716391c-94e4-408a-be12-3cb78081f775', 'test7', '2013-10-15 10:50:01', '2013-10-15 10:50:01', 1, NULL, 1, 'test7', '996af685-90e3-40d1-a5a3-29604c0954d3', 3870, '00000000-0000-0000-0000-000000000000', 1, NULL, '', '1716391c-94e4-408a-be12-3cb78081f775', 0, 0),
	('acdce278-6e9d-42ec-b8ba-f5b74d37c9a0', '62b904fa-b38f-4686-b2e4-d748fa129c50', '1716391c-94e4-408a-be12-3cb78081f775', 'Android App Test 5', '2013-10-23 17:19:57', '2013-10-23 17:20:40', 0, NULL, 14, 'Android App Test 5', '996af685-90e3-40d1-a5a3-29604c0954d3', 4010, 'b4c004c5-8bc5-44ec-bf66-100e552fd551', 1, NULL, '', '00000000-0000-0000-0000-000000000000', 0, 1),
	('af36b4ef-7a33-4e80-a997-4dc3dd03826a', '76961263-e928-4df4-8752-613ff49bd002', '56157f32-5ed8-499e-a61b-05c4912d2e59', 'Request for a new feature', '2012-08-10 10:53:48', '2012-08-10 10:53:48', 0, '<ArrayOfGuid>\r\n  <guid>56157f32-5ed8-499e-a61b-05c4912d2e59</guid>\r\n</ArrayOfGuid>', 1, '', '00000000-0000-0000-0000-000000000000', NULL, '00000000-0000-0000-0000-000000000000', 0, NULL, NULL, '00000000-0000-0000-0000-000000000000', 0, 0),
	('af71caa2-f51c-4515-823f-b7896103f403', '62b904fa-b38f-4686-b2e4-d748fa129c50', 'c9bc125a-dc0e-490e-acc5-021af9feda27', 'test', '2012-10-30 12:27:32', '2012-10-30 12:27:32', 0, NULL, 8, 'test', '00000000-0000-0000-0000-000000000000', 870, '00000000-0000-0000-0000-000000000000', 1, NULL, '', '00000000-0000-0000-0000-000000000000', 0, 0),
	('b0e3173f-0285-4f31-ab09-648b3c19e5cf', '62b904fa-b38f-4686-b2e4-d748fa129c50', 'c9bc125a-dc0e-490e-acc5-021af9feda27', 'load data', '2012-11-20 14:46:04', '2012-11-20 14:46:04', 0, NULL, 8, 'Data load', '00000000-0000-0000-0000-000000000000', 1035, '00000000-0000-0000-0000-000000000000', 1, NULL, 'Previous Software: Data\r\n', '00000000-0000-0000-0000-000000000000', 0, 0),
	('b16567fa-00a7-4328-8b4f-3c14784d7c4a', '62b904fa-b38f-4686-b2e4-d748fa129c50', 'c9bc125a-dc0e-490e-acc5-021af9feda27', 'Update testings', '2012-11-19 11:07:20', '2012-11-19 11:10:12', 1, NULL, 4, 'Note summary', '00000000-0000-0000-0000-000000000000', 1012, '00000000-0000-0000-0000-000000000000', 1, NULL, '', 'c9bc125a-dc0e-490e-acc5-021af9feda27', 0, 0),
	('b23a1701-6f1f-4bd7-9ba3-ceb9ccc395be', '62b904fa-b38f-4686-b2e4-d748fa129c50', 'c9bc125a-dc0e-490e-acc5-021af9feda27', 'test', '2012-12-05 10:29:51', '2012-12-05 10:29:51', 1, NULL, 1, 'test', '00000000-0000-0000-0000-000000000000', 0, '00000000-0000-0000-0000-000000000000', 0, NULL, '', '00000000-0000-0000-0000-000000000000', 0, 0),
	('b2550f66-4116-4f64-8a1f-28827ee9b348', '62b904fa-b38f-4686-b2e4-d748fa129c50', 'c9bc125a-dc0e-490e-acc5-021af9feda27', 'test', '2012-10-12 10:19:52', '2012-10-12 10:19:57', 0, NULL, 1, 'test', '00000000-0000-0000-0000-000000000000', 713, '00000000-0000-0000-0000-000000000000', 0, NULL, '', 'c9bc125a-dc0e-490e-acc5-021af9feda27', 0, 0),
	('b6aa00e8-8529-4b76-97f5-c3c9ac53616c', '62b904fa-b38f-4686-b2e4-d748fa129c50', '1716391c-94e4-408a-be12-3cb78081f775', 'test24-test24', '2013-10-16 11:41:38', '2013-10-16 11:54:49', 0, NULL, 1, 'test24-55', '996af685-90e3-40d1-a5a3-29604c0954d3', 3932, '2b6972a1-f833-452d-a51b-8a9cfd22af91', 1, NULL, '', '00000000-0000-0000-0000-000000000000', 0, 1),
	('b82cdb63-baf1-4f5c-ad09-d666887df5b3', '62b904fa-b38f-4686-b2e4-d748fa129c50', '1716391c-94e4-408a-be12-3cb78081f775', 'IOS TEST9', '2013-10-23 16:28:29', '2013-10-23 16:33:55', 1, NULL, 13, 'IOS TEST9', '996af685-90e3-40d1-a5a3-29604c0954d3', 4005, '86ed0e96-1ada-4f58-a2bc-2c682959156c', 0, NULL, '', '00000000-0000-0000-0000-000000000000', 0, 1),
	('b96eaae0-489b-4491-bc79-d2401beda6c2', '62b904fa-b38f-4686-b2e4-d748fa129c50', '1716391c-94e4-408a-be12-3cb78081f775', 'IOS TEST7', '2013-10-23 15:59:31', '2013-10-23 16:24:45', 0, NULL, 13, 'IOS TEST7', '996af685-90e3-40d1-a5a3-29604c0954d3', 4004, '00000000-0000-0000-0000-000000000000', 1, NULL, '', '00000000-0000-0000-0000-000000000000', 0, 1),
	('b9b76f5e-0d18-4cf2-b00b-1f611db22e55', '62b904fa-b38f-4686-b2e4-d748fa129c50', '976cf164-6708-40c4-9566-45286ad0f553', 'Just another testing purpose too', '0001-01-01 00:00:00', '0001-01-01 00:00:00', 0, NULL, 1, 'Test Customer Note 2', '338ae113-667a-463c-9ff4-e366ad2d7bf7', 0, '00000000-0000-0000-0000-000000000000', 0, NULL, 'Patient Name: Annie Swan\r\nEpisode Period: \r\nVisit Type: MSW\r\nDate of Visit: ', '00000000-0000-0000-0000-000000000000', 0, 1),
	('bbba2655-885e-413e-aa6c-a19aeebffd79', '62b904fa-b38f-4686-b2e4-d748fa129c50', '1716391c-94e4-408a-be12-3cb78081f775', 'test19', '2013-10-16 09:43:07', '2013-10-16 10:40:04', 0, NULL, 1, 'test19', '996af685-90e3-40d1-a5a3-29604c0954d3', 3927, 'a23005ae-1f70-4c00-b54a-c9a551315dfd', 1, NULL, '', '00000000-0000-0000-0000-000000000000', 0, 1),
	('bc07b7b9-c159-4bfd-82eb-e867a484530e', '62b904fa-b38f-4686-b2e4-d748fa129c50', 'c9bc125a-dc0e-490e-acc5-021af9feda27', 'test', '2012-10-30 09:26:07', '2012-10-30 09:27:13', 0, NULL, 3, 'Test', '00000000-0000-0000-0000-000000000000', 866, 'b139a00d-9cfd-4ba1-b769-9f53a5767e25', 0, NULL, '', 'c9bc125a-dc0e-490e-acc5-021af9feda27', 0, 0),
	('bcf40bcc-1cee-478e-bd29-fb43feed0883', '62b904fa-b38f-4686-b2e4-d748fa129c50', '1716391c-94e4-408a-be12-3cb78081f775', 'testing 12345677', '2014-01-06 16:57:54', '2014-01-06 16:58:41', 0, NULL, 1, 'testing 12345677', '996af685-90e3-40d1-a5a3-29604c0954d3', 0, '00000000-0000-0000-0000-000000000000', 0, NULL, '', '00000000-0000-0000-0000-000000000000', 0, 1),
	('bdbaacb0-b260-43f9-882a-00689dc0c6b2', '62b904fa-b38f-4686-b2e4-d748fa129c50', '1716391c-94e4-408a-be12-3cb78081f775', 'IOS APP 04', '2013-10-23 19:44:47', '2013-10-23 19:51:57', 0, NULL, 13, 'IOS APP 04', '996af685-90e3-40d1-a5a3-29604c0954d3', 4018, '761d9a07-6bc1-4fb9-a8b8-07f6eeb02d78', 1, NULL, '', '00000000-0000-0000-0000-000000000000', 0, 1),
	('be9314a7-1e57-4dad-be47-169e9465b49b', '62b904fa-b38f-4686-b2e4-d748fa129c50', 'c9bc125a-dc0e-490e-acc5-021af9feda27', 'asdf', '2012-10-12 09:16:39', '2012-10-12 09:20:41', 0, NULL, 1, 'asdf', '00000000-0000-0000-0000-000000000000', 709, '00000000-0000-0000-0000-000000000000', 0, NULL, '', 'c9bc125a-dc0e-490e-acc5-021af9feda27', 0, 0),
	('c320c0f7-d229-45d7-909b-ef85f60bf3a0', '62b904fa-b38f-4686-b2e4-d748fa129c50', '1716391c-94e4-408a-be12-3cb78081f775', 'IOS APP TEST16', '2013-10-23 17:22:26', '2013-10-23 17:23:36', 0, NULL, 13, 'IOS APP TEST16', '996af685-90e3-40d1-a5a3-29604c0954d3', 4011, '08d3e04f-8338-49ae-8da2-e955bd281015', 1, NULL, '', '00000000-0000-0000-0000-000000000000', 0, 1),
	('c4f8638e-435d-40b4-9ecd-16b8a1ae9a29', '62b904fa-b38f-4686-b2e4-d748fa129c50', '1716391c-94e4-408a-be12-3cb78081f775', 'IOS22', '2013-10-23 19:26:21', '2013-10-23 19:28:19', 0, NULL, 13, 'IOS 22', '996af685-90e3-40d1-a5a3-29604c0954d3', 4015, '00000000-0000-0000-0000-000000000000', 0, NULL, '', '00000000-0000-0000-0000-000000000000', 0, 1),
	('c6891296-5d11-4373-939f-17104bc1453e', '62b904fa-b38f-4686-b2e4-d748fa129c50', 'c9bc125a-dc0e-490e-acc5-021af9feda27', 'test', '2012-10-12 09:09:54', '2012-10-12 09:09:54', 0, '<ArrayOfGuid>\r\n  <guid>c9bc125a-dc0e-490e-acc5-021af9feda27</guid>\r\n</ArrayOfGuid>', 1, 'Test', 'd0b2e18f-1646-4189-b22f-a09e3c43fba0', 708, '00000000-0000-0000-0000-000000000000', 1, NULL, '', '00000000-0000-0000-0000-000000000000', 0, 0),
	('c98c0909-19f8-4794-9d17-9659857bdfce', '6975381d-7c9f-4568-9b4c-ec49a6b72747', '56157f32-5ed8-499e-a61b-05c4912d2e59', 'Test of update Things', '2012-09-14 10:37:59', '2012-09-14 10:51:34', 0, NULL, 3, 'Update Testeds', '00000000-0000-0000-0000-000000000000', 459, '00000000-0000-0000-0000-000000000000', 1, NULL, '', 'c9bc125a-dc0e-490e-acc5-021af9feda27', 0, 0),
	('cb95304b-03d5-4813-ae22-838411852db1', '62b904fa-b38f-4686-b2e4-d748fa129c50', '1716391c-94e4-408a-be12-3cb78081f775', 'ANDROID APP03', '2013-10-23 19:38:29', '2013-10-23 19:43:08', 0, NULL, 14, 'ANDROID APP 03', '996af685-90e3-40d1-a5a3-29604c0954d3', 4017, '2ac7fc26-14fe-437f-8918-b0403dd32eaa', 1, NULL, '', '00000000-0000-0000-0000-000000000000', 0, 1),
	('cd2509e4-bbd8-4c99-b155-7ddcbb8ed2b1', '62b904fa-b38f-4686-b2e4-d748fa129c50', '1716391c-94e4-408a-be12-3cb78081f775', 'test ios 1', '2013-10-23 12:11:16', '2013-10-23 12:11:16', 0, NULL, 13, 'test ios 1', '996af685-90e3-40d1-a5a3-29604c0954d3', 0, 'd75af7ca-c60c-4f41-b05d-6aeff182ad96', 0, NULL, '', '00000000-0000-0000-0000-000000000000', 0, 1),
	('cda08c0c-4f35-4cb8-93f9-07780858f4f1', '62b904fa-b38f-4686-b2e4-d748fa129c50', '1716391c-94e4-408a-be12-3cb78081f775', 'test13 - test13', '2013-10-15 14:37:39', '2013-10-15 15:09:05', 0, NULL, 1, 'test13', '996af685-90e3-40d1-a5a3-29604c0954d3', 3911, 'c3db3ce9-b167-4531-a2f7-967443b1e79d', 1, NULL, '', '00000000-0000-0000-0000-000000000000', 0, 1),
	('cf874e76-76f8-4aeb-bb02-29d3f1c27d17', '62b904fa-b38f-4686-b2e4-d748fa129c50', '1716391c-94e4-408a-be12-3cb78081f775', 'test23-test23', '2013-10-16 11:28:14', '2013-10-16 11:34:52', 0, NULL, 1, 'test23-test2345', '996af685-90e3-40d1-a5a3-29604c0954d3', 3930, '9a23d38c-044e-4663-8942-9c86cc294d00', 1, NULL, 'Patient Name: test23\r\nEpisode Period: \r\nVisit Type: \r\nDate of Visit: ', '00000000-0000-0000-0000-000000000000', 0, 1),
	('d08260f4-ef35-4855-945f-8ac8f4f260c6', '62b904fa-b38f-4686-b2e4-d748fa129c50', '1716391c-94e4-408a-be12-3cb78081f775', 'test for IOS App2', '2013-10-23 15:55:07', '2013-10-23 15:57:28', 0, NULL, 13, 'test for IOS App2', '996af685-90e3-40d1-a5a3-29604c0954d3', 0, '00000000-0000-0000-0000-000000000000', 1, NULL, '', '00000000-0000-0000-0000-000000000000', 0, 1),
	('d1b31fff-3122-4462-92b2-48d6f3d50005', '62b904fa-b38f-4686-b2e4-d748fa129c50', 'c9bc125a-dc0e-490e-acc5-021af9feda27', 'test', '2012-10-30 12:06:46', '2012-10-30 12:06:46', 0, NULL, 5, 'test', '00000000-0000-0000-0000-000000000000', 0, '00000000-0000-0000-0000-000000000000', 1, NULL, '', '00000000-0000-0000-0000-000000000000', 255, 0),
	('d1cb8300-e47a-40e3-81b2-e4360cb69e05', '62b904fa-b38f-4686-b2e4-d748fa129c50', '4b19904b-2047-46ac-816d-b8bbdca9666c', 'test for creating a new customer notes on support , without attachments', '2014-02-25 11:22:50', '2014-02-25 11:22:50', 0, NULL, 8, 'patient data load', '996af685-90e3-40d1-a5a3-29604c0954d3', 0, '00000000-0000-0000-0000-000000000000', 0, NULL, 'Patient Name: Test\r\nEpisode Period: Dataload\r\nVisit Type: data load\r\nDate of Visit: Previous Software: VisicTrac\r\n', '00000000-0000-0000-0000-000000000000', 0, 1),
	('d5857bca-741a-49ca-8ca2-8190d758c763', '62b904fa-b38f-4686-b2e4-d748fa129c50', '1716391c-94e4-408a-be12-3cb78081f775', 'test15', '2013-12-27 14:41:48', '2014-01-06 16:46:18', 0, NULL, 1, 'test15', '996af685-90e3-40d1-a5a3-29604c0954d3', 4822, '948eff41-e187-475c-bb37-4d56f3a5c2e2', 1, NULL, '', '00000000-0000-0000-0000-000000000000', 0, 1),
	('db7ab44d-6572-4182-af05-b2a4fa8103f5', '62b904fa-b38f-4686-b2e4-d748fa129c50', '1e3f8cba-3c85-4b56-b16f-ae20c14292ce', 'testing send function2', '2014-02-25 10:49:47', '2014-02-25 10:49:47', 0, NULL, 1, 'testing send function2', '996af685-90e3-40d1-a5a3-29604c0954d3', 0, '00000000-0000-0000-0000-000000000000', 0, NULL, '', '00000000-0000-0000-0000-000000000000', 0, 1),
	('dc513511-5505-4d40-9da0-54cdd97b01e7', '62b904fa-b38f-4686-b2e4-d748fa129c50', '976cf164-6708-40c4-9566-45286ad0f553', 'asdfsaf', '2014-02-20 14:06:57', '2014-02-20 14:06:57', 0, NULL, 1, 'asdf', '338ae113-667a-463c-9ff4-e366ad2d7bf7', 0, '00000000-0000-0000-0000-000000000000', 0, NULL, '', '00000000-0000-0000-0000-000000000000', 0, 1),
	('e0e6543e-1184-419a-bfad-11312cebf5c1', '62b904fa-b38f-4686-b2e4-d748fa129c50', 'c9bc125a-dc0e-490e-acc5-021af9feda27', 'testt', '2012-12-05 10:28:25', '2012-12-05 10:28:25', 1, NULL, 2, 'testt', '00000000-0000-0000-0000-000000000000', 0, '00000000-0000-0000-0000-000000000000', 0, NULL, '', '00000000-0000-0000-0000-000000000000', 0, 0),
	('e59029c8-e3eb-4b29-ae88-9289e278af6d', '62b904fa-b38f-4686-b2e4-d748fa129c50', 'c9bc125a-dc0e-490e-acc5-021af9feda27', 'etst', '2012-11-19 11:19:19', '2012-11-19 11:19:19', 1, NULL, 8, 'TREst', '00000000-0000-0000-0000-000000000000', 1013, '00000000-0000-0000-0000-000000000000', 1, NULL, 'Previous Software: \r\n', '00000000-0000-0000-0000-000000000000', 0, 0),
	('e5d43252-cb7a-4418-a964-dbc46afe35bf', '76961263-e928-4df4-8752-613ff49bd002', 'c9bc125a-dc0e-490e-acc5-021af9feda27', 'test', '2012-08-10 15:50:17', '2012-09-07 16:42:09', 0, NULL, 1, 'Loop', 'd5740a74-9eee-462f-b781-4fa84308981c', 373, '00000000-0000-0000-0000-000000000000', 1, '<li>\r\n   <h3>dsfsfs</h3>\r\n   <div><b>Biki Raghubansh</b><i>2012-09-07 16:21:33</i></div>\r\n   <p>sdfsfsf</p>\r\n</li>\r\n<li>\r\n   <h3>This should have status resolved</h3>\r\n   <div><b>Biki Raghubansh</b><i>2012-09-07 16:29:51</i></div>\r\n   <p>processed </p>\r\n</li>\r\n<li>\r\n   <h3>one more update</h3>\r\n   <div><b>Biki Raghubansh</b><i>2012-09-07 16:42:09</i></div>\r\n   <p>should be set to resolved it is resolved and i"m testing a longer update to see what happens.</p>\r\n</li>', NULL, '00000000-0000-0000-0000-000000000000', 80, 0),
	('e6ca0cf3-68a0-43b4-8dd8-c6b6ca11d39e', '62b904fa-b38f-4686-b2e4-d748fa129c50', '1716391c-94e4-408a-be12-3cb78081f775', 'test6', '2013-10-15 09:34:26', '2013-10-15 09:34:26', 1, NULL, 1, 'test6', '996af685-90e3-40d1-a5a3-29604c0954d3', 0, '4d0a4ac6-dcdd-41ab-8b7d-2c85c7fa0eed', 0, NULL, '', '00000000-0000-0000-0000-000000000000', 0, 1),
	('e79b6ec1-404d-4805-9514-774c74632344', '62b904fa-b38f-4686-b2e4-d748fa129c50', '1716391c-94e4-408a-be12-3cb78081f775', 'IOS 17', '2013-10-23 18:08:17', '2013-10-23 18:38:03', 0, NULL, 13, 'IOS17', '996af685-90e3-40d1-a5a3-29604c0954d3', 4014, 'a1c19be6-3b80-4f99-86d1-121ccdce401c', 1, NULL, '', '00000000-0000-0000-0000-000000000000', 0, 1),
	('e911699f-92a3-4a84-8259-ca3c8ddf9c46', '5928d80a-713c-468b-9d30-6b0135ba352e', 'fa411ca6-52ed-4723-a9c7-6dc3269468e1', 'Please do the data load ASAP. ', '2014-02-25 16:00:30', '2014-02-25 16:00:30', 0, NULL, 8, 'Please do the data load ASAP', 'c5f9d9bd-4b28-416f-90fc-cd11eb9a61eb', 0, '00000000-0000-0000-0000-000000000000', 0, NULL, 'Previous Software: Kinser \r\n', '00000000-0000-0000-0000-000000000000', 0, 1),
	('ea463089-bc60-463e-9df6-faf4cc778e4f', '62b904fa-b38f-4686-b2e4-d748fa129c50', 'c9bc125a-dc0e-490e-acc5-021af9feda27', 'test', '2012-08-31 09:51:00', '2012-08-31 09:51:00', 0, NULL, 4, 'test', '00000000-0000-0000-0000-000000000000', 0, '00000000-0000-0000-0000-000000000000', 0, NULL, '', '00000000-0000-0000-0000-000000000000', 0, 0),
	('eb22a762-3112-4f23-95af-cb30348a6edd', '62b904fa-b38f-4686-b2e4-d748fa129c50', '1716391c-94e4-408a-be12-3cb78081f775', 'IOS TEST13', '2013-10-23 16:35:50', '2013-10-23 17:17:01', 0, NULL, 13, 'IOS TEST13', '996af685-90e3-40d1-a5a3-29604c0954d3', 4008, 'dc7e884f-2f27-40db-9328-8423e159cb12', 1, NULL, '', '00000000-0000-0000-0000-000000000000', 0, 1),
	('ed62efff-4862-408c-8e9d-9f5dffbd122f', '62b904fa-b38f-4686-b2e4-d748fa129c50', '1716391c-94e4-408a-be12-3cb78081f775', 'testing', '2013-10-24 12:40:56', '2013-10-24 12:40:56', 0, NULL, 13, 'testing', '996af685-90e3-40d1-a5a3-29604c0954d3', 4035, '9412df11-9941-40c2-bfae-080aba33c17d', 0, NULL, '', '00000000-0000-0000-0000-000000000000', 0, 1),
	('f44d468f-4e2c-4e85-b4f3-c7a9a5af6a8e', '62b904fa-b38f-4686-b2e4-d748fa129c50', 'fa411ca6-52ed-4723-a9c7-6dc3269468e1', 'User can not verify visit. User doesn\'t know how to turn on GPS service. ', '2014-02-25 09:44:59', '2014-02-25 09:45:35', 0, '<ArrayOfGuid>\r\n  <guid>fa411ca6-52ed-4723-a9c7-6dc3269468e1</guid>\r\n</ArrayOfGuid>', 13, 'Can not verify visit', '4458f48c-9f51-4b13-bf06-bc9508244f67', 0, '00000000-0000-0000-0000-000000000000', 1, '', '', '00000000-0000-0000-0000-000000000000', 0, 1),
	('f5106751-33da-4a77-9d56-9e0d70331ce3', '62b904fa-b38f-4686-b2e4-d748fa129c50', 'cdb25c6d-2460-4351-af7f-79bd2a27e2dd', 'hello Joy! how is your iOS project', '2014-02-25 12:53:39', '2014-02-25 12:54:35', 0, '<ArrayOfGuid>\r\n  <guid>fa411ca6-52ed-4723-a9c7-6dc3269468e1</guid>\r\n</ArrayOfGuid>', 7, 'note to joy', 'e3e34967-52dc-4007-80c2-5bab6c882e85', 0, '00000000-0000-0000-0000-000000000000', 1, '', '', '00000000-0000-0000-0000-000000000000', 0, 1),
	('f8e3ec39-8723-401c-b9dc-b3dc7cc12be7', '62b904fa-b38f-4686-b2e4-d748fa129c50', '1e3f8cba-3c85-4b56-b16f-ae20c14292ce', 'testing 17', '2014-02-17 16:23:04', '2014-02-19 14:33:43', 0, NULL, 1, 'testing 17', '996af685-90e3-40d1-a5a3-29604c0954d3', 0, '00000000-0000-0000-0000-000000000000', 1, NULL, 'Patient Name: test test1\r\nEpisode Period: 02/17/2014 - 04/17/2014\r\nVisit Type: test visit\r\nDate of Visit: 02/17/2014', '00000000-0000-0000-0000-000000000000', 0, 1),
	('f9889e63-87b6-4208-81b2-d12f4ade8036', '62b904fa-b38f-4686-b2e4-d748fa129c50', 'c9bc125a-dc0e-490e-acc5-021af9feda27', 'test', '2012-08-31 09:31:20', '2012-08-31 09:31:20', 0, NULL, 5, 'test', '00000000-0000-0000-0000-000000000000', 0, '00000000-0000-0000-0000-000000000000', 1, NULL, '', '00000000-0000-0000-0000-000000000000', 0, 0),
	('f9cf2624-ca18-4d16-9411-11ce24438154', '62b904fa-b38f-4686-b2e4-d748fa129c50', '56157f32-5ed8-499e-a61b-05c4912d2e59', 'Issue test', '2012-09-07 15:13:34', '2012-09-07 15:14:03', 0, NULL, 6, 'Issue test', '00000000-0000-0000-0000-000000000000', 375, '00000000-0000-0000-0000-000000000000', 1, '', '', 'c9bc125a-dc0e-490e-acc5-021af9feda27', 0, 0),
	('fdee146c-e953-49d7-92cf-7accd0a87ecb', '5fb34683-19f2-4d70-8dbf-85ddd7c7a648', 'c9bc125a-dc0e-490e-acc5-021af9feda27', 'test', '2012-08-31 15:31:22', '2012-09-04 15:11:34', 0, NULL, 5, 'tested', '00000000-0000-0000-0000-000000000000', 0, '00000000-0000-0000-0000-000000000000', 0, NULL, '', 'c9bc125a-dc0e-490e-acc5-021af9feda27', 0, 0),
	('ff8d8dc4-85a7-4cea-ba94-b1dbd4200bbe', '62b904fa-b38f-4686-b2e4-d748fa129c50', 'cdb25c6d-2460-4351-af7f-79bd2a27e2dd', 'testing please ignore ', '2014-02-25 10:07:39', '2014-02-25 11:58:04', 0, '<ArrayOfGuid>\r\n  <guid>1716391c-94e4-408a-be12-3cb78081f775</guid>\r\n  <guid>fa411ca6-52ed-4723-a9c7-6dc3269468e1</guid>\r\n  <guid>cdb25c6d-2460-4351-af7f-79bd2a27e2dd</guid>\r\n</ArrayOfGuid>', 1, 'Testing ', '996af685-90e3-40d1-a5a3-29604c0954d3', 0, '00000000-0000-0000-0000-000000000000', 1, '', 'Patient Name: Joy Tao\r\nEpisode Period: \r\nVisit Type: \r\nDate of Visit: ', '00000000-0000-0000-0000-000000000000', 0, 1);
/*!40000 ALTER TABLE `customernotes` ENABLE KEYS */;

-- Dumping data for table customermanagement.ddecredentials: ~1 rows (approximately)
/*!40000 ALTER TABLE `ddecredentials` DISABLE KEYS */;
INSERT INTO `ddecredentials` (`Id`, `UserId`, `Password`, `IsDeprecated`, `Created`) VALUES
	('046f3fd4-6af7-11e2-bd0f-001ec9714ef7', 'we72165', 'Cheeks$5', 0, '2013-01-30');
/*!40000 ALTER TABLE `ddecredentials` ENABLE KEYS */;

-- Dumping data for table customermanagement.internalusers: ~101 rows (approximately)
/*!40000 ALTER TABLE `internalusers` DISABLE KEYS */;
INSERT INTO `internalusers` (`Id`, `LoginId`, `Permissions`) VALUES
	(1, '0b08ff1f-98f1-4400-b32a-7cb8c0dc7b9c', '[{"Key":1,"Value":[1,2,16,17,6,8,14,9,11,5,12,7,15]},{"Key":2,"Value":[1,2,7,12]},{"Key":3,"Value":[1,3,2,6,10,7]},{"Key":4,"Value":[17,8,9,7]},{"Key":5,"Value":[4]},{"Key":6,"Value":[4]},{"Key":11,"Value":[18,7]},{"Key":13,"Value":[7]}]'),
	(2, '0cf3af05-e8a5-479d-bbc5-dbedb3176b72', '[{"Key":1,"Value":[8,14,7,15]},{"Key":13,"Value":[7]},{"Key":4,"Value":[8,7]},{"Key":3,"Value":[10,7]},{"Key":6,"Value":[4]},{"Key":5,"Value":[4]},{"Key":2,"Value":[7]}]'),
	(3, '13212603-8c04-483b-8450-4050bc530a08', '[{"Key":1,"Value":[16,17,8,14,9,12,7,15]},{"Key":12,"Value":[7]},{"Key":13,"Value":[7]},{"Key":14,"Value":[7]},{"Key":16,"Value":[7]},{"Key":4,"Value":[17,8,9,7]},{"Key":3,"Value":[1,2,6,10,7]},{"Key":6,"Value":[4]},{"Key":5,"Value":[4]}]'),
	(4, '13ad0de8-6e02-4f24-aa75-588ea3b6da0d', NULL),
	(5, '14f12f36-b45a-47ad-b99d-6b7f716a3b0e', NULL),
	(6, '1716391c-94e4-408a-be12-3cb78081f775', '[{"Key":17,"Value":[2,6,7]},{"Key":19,"Value":[7]},{"Key":10,"Value":[13,6,10,7]},{"Key":15,"Value":[7]},{"Key":1,"Value":[1,16,2,17,6,8,14,9,11,5,12,7,15]},{"Key":8,"Value":[1]},{"Key":7,"Value":[1]},{"Key":12,"Value":[7]},{"Key":13,"Value":[7]},{"Key":14,"Value":[7]},{"Key":16,"Value":[7]},{"Key":4,"Value":[17,8,9,7]},{"Key":3,"Value":[1,3,2,6,10,7]},{"Key":11,"Value":[18,7]},{"Key":6,"Value":[4]},{"Key":5,"Value":[4]},{"Key":18,"Value":[1,3,2,7]},{"Key":2,"Value":[1,2,12,7]}]'),
	(7, '1e77a8b2-cdad-4a67-bdd3-7692d07404a0', NULL),
	(8, '2125cd35-f7ac-45c5-839f-358e377e2d01', '[{"Key":17,"Value":[2,6,7]},{"Key":10,"Value":[13,6,10,7]},{"Key":15,"Value":[7]},{"Key":1,"Value":[1,16,2,17,6,8,14,9,11,5,12,7,15]},{"Key":8,"Value":[1]},{"Key":7,"Value":[1]},{"Key":12,"Value":[7]},{"Key":13,"Value":[7]},{"Key":14,"Value":[7]},{"Key":16,"Value":[7]},{"Key":4,"Value":[17,8,9,7]},{"Key":3,"Value":[1,3,2,6,10,7]},{"Key":11,"Value":[18,7]},{"Key":6,"Value":[4]},{"Key":5,"Value":[4]},{"Key":18,"Value":[1,3,2,7]},{"Key":2,"Value":[1,2,12,7]}]'),
	(9, '40197544-44af-4a9a-892a-5e7261f64b71', '[{"Key":1,"Value":[16,17,8,14,9,12,7,15]},{"Key":13,"Value":[7]},{"Key":4,"Value":[17,8,9,7]},{"Key":3,"Value":[1,2,6,10,7]},{"Key":6,"Value":[4]},{"Key":5,"Value":[4]}]'),
	(10, '56157f32-5ed8-499e-a61b-05c4912d2e59', '[{"Key":17,"Value":[2,6,7]},{"Key":19,"Value":[7]},{"Key":10,"Value":[13,6,10,7]},{"Key":15,"Value":[7]},{"Key":1,"Value":[1,16,2,17,6,8,14,9,11,5,12,7,15]},{"Key":8,"Value":[1]},{"Key":7,"Value":[1]},{"Key":12,"Value":[7]},{"Key":13,"Value":[7]},{"Key":14,"Value":[7]},{"Key":16,"Value":[7]},{"Key":4,"Value":[17,8,9,7]},{"Key":3,"Value":[1,3,2,6,10,7]},{"Key":11,"Value":[18,7]},{"Key":6,"Value":[4]},{"Key":5,"Value":[4]},{"Key":18,"Value":[1,3,2,7]},{"Key":2,"Value":[1,2,12,7]}]'),
	(11, '5d01e62e-cf81-4257-8d4b-9ad065fdf163', '[{"Key":17,"Value":[2,6,7]},{"Key":10,"Value":[13,6,10,7]},{"Key":15,"Value":[7]},{"Key":1,"Value":[1,16,2,17,8,14,9,11,5,12,7,15]},{"Key":8,"Value":[1]},{"Key":7,"Value":[1]},{"Key":12,"Value":[7]},{"Key":13,"Value":[7]},{"Key":14,"Value":[7]},{"Key":16,"Value":[7]},{"Key":4,"Value":[17,8,9,7]},{"Key":3,"Value":[1,3,2,6,10,7]},{"Key":11,"Value":[18,7]},{"Key":6,"Value":[4]},{"Key":5,"Value":[4]},{"Key":18,"Value":[1,3,2,7]},{"Key":2,"Value":[1,2,12,7]}]'),
	(12, '622701cd-8e26-4433-9688-b2e9c2290d12', '[{"Key":1,"Value":[16,17,8,14,9,12,7,15]},{"Key":12,"Value":[7]},{"Key":13,"Value":[7]},{"Key":14,"Value":[7]},{"Key":16,"Value":[7]},{"Key":4,"Value":[17,8,9,7]},{"Key":3,"Value":[1,2,6,10,7]},{"Key":6,"Value":[4]},{"Key":5,"Value":[4]}]'),
	(13, '6a887ded-3132-4baa-802b-f9f989ba5788', NULL),
	(14, '6dd63334-5036-40be-b792-0b3873777b60', NULL),
	(15, '80a77c59-97d5-4c3c-928b-4ace368a9c39', NULL),
	(16, '898c8cc5-9ee7-4996-847d-07022692a788', '[{"Key":17,"Value":[2,6,7]},{"Key":10,"Value":[13,6,10,7]},{"Key":15,"Value":[7]},{"Key":1,"Value":[1,16,2,17,6,8,14,9,11,5,12,7,15]},{"Key":8,"Value":[1]},{"Key":7,"Value":[1]},{"Key":12,"Value":[7]},{"Key":13,"Value":[7]},{"Key":14,"Value":[7]},{"Key":16,"Value":[7]},{"Key":4,"Value":[17,8,9,7]},{"Key":3,"Value":[1,3,2,6,10,7]},{"Key":11,"Value":[18,7]},{"Key":6,"Value":[4]},{"Key":5,"Value":[4]},{"Key":18,"Value":[1,3,2,7]},{"Key":2,"Value":[1,2,12,7]}]'),
	(17, '8e0318f5-4e54-439b-8565-ad4836b67a3c', NULL),
	(18, '9362d2ed-9a2a-4ade-9a21-4cc5302a52f1', NULL),
	(19, '95802221-348a-456b-ae6c-0300f5a384d4', '[{"Key":1,"Value":[16,2,17,8,14,12,7,15]},{"Key":13,"Value":[7]},{"Key":4,"Value":[17,8,9,7]},{"Key":3,"Value":[10,7]},{"Key":6,"Value":[4]},{"Key":5,"Value":[4]},{"Key":2,"Value":[7]}]'),
	(20, '976cf164-6708-40c4-9566-45286ad0f553', '[{"Key":1,"Value":[1,16,2,17,6,8,14,9,11,5,12,7,15]},{"Key":8,"Value":[1]},{"Key":7,"Value":[1]},{"Key":13,"Value":[7]},{"Key":4,"Value":[17,8,9,7]},{"Key":3,"Value":[1,3,2,6,10,7]},{"Key":11,"Value":[18,7]},{"Key":6,"Value":[4]},{"Key":5,"Value":[4]},{"Key":2,"Value":[7]}]'),
	(21, 'a4cbf771-23d4-4edf-a5e4-b625b82d471e', NULL),
	(22, 'b7e0941b-01c7-4631-b309-77d321078273', '[{"Key":1,"Value":[16,17,8,14,9,12,7,15]},{"Key":13,"Value":[7]},{"Key":4,"Value":[17,8,9,7]},{"Key":3,"Value":[1,2,6,10,7]},{"Key":6,"Value":[4]},{"Key":5,"Value":[4]}]'),
	(23, 'c069dbc3-ef90-4cb3-946f-6efe4e32e678', NULL),
	(24, 'c9bc125a-dc0e-490e-acc5-021af9feda27', NULL),
	(25, 'cf902bc1-da09-4c30-9b97-7e76310ff0b5', '[{"Key":1,"Value":[16,17,8,14,9,12,7,15]},{"Key":12,"Value":[7]},{"Key":13,"Value":[7]},{"Key":14,"Value":[7]},{"Key":16,"Value":[7]},{"Key":4,"Value":[17,8,9,7]},{"Key":3,"Value":[1,2,6,10,7]},{"Key":6,"Value":[4]},{"Key":5,"Value":[4]}]'),
	(26, 'cfafe932-5f34-4718-8955-cb93f4a9b0bd', NULL),
	(27, 'de6378bd-dbdb-4137-8cee-34b41518e415', '[{"Key":1,"Value":[1,16,2,17,8,14,9,12,7,15]},{"Key":13,"Value":[7]},{"Key":4,"Value":[17,8,9,7]},{"Key":3,"Value":[1,2,6,10,7]},{"Key":11,"Value":[7]},{"Key":6,"Value":[4]},{"Key":5,"Value":[4]}]'),
	(28, 'f1bfc54a-6899-4d63-a83a-104d3a48a9c4', NULL),
	(32, 'a6860051-6351-4d82-98e4-b01428e3861a', '[{"Key":1,"Value":[1,2,7,12,5,11,14,8,9]},{"Key":2,"Value":[1,2,7,12]},{"Key":3,"Value":[1,2,7,3,6,10]},{"Key":4,"Value":[8,7,9]},{"Key":5,"Value":[4]},{"Key":6,"Value":[4]},{"Key":7,"Value":[1]},{"Key":8,"Value":[1]},{"Key":9,"Value":[7,2,12]},{"Key":10,"Value":[7,10,13]},{"Key":11,"Value":[7]},{"Key":12,"Value":[7]},{"Key":13,"Value":[7]},{"Key":14,"Value":[7]},{"Key":15,"Value":[7]},{"Key":16,"Value":[7]}]'),
	(33, 'b217b1fc-c3e7-468e-a8c9-2f425314b788', '[{"Key":1,"Value":[1,2,16,17,6,8,14,9,11,5,12,7,15]},{"Key":10,"Value":[13,6,10,7]},{"Key":15,"Value":[7]}]'),
	(41, '02823fbe-f953-49ef-8e42-dc0d2847f8d9', NULL),
	(42, '03b0aa9e-9231-4d13-aca7-c5e7923d3ad7', '[{"Key":1,"Value":[16,17,8,14,9,12,7,15]},{"Key":12,"Value":[7]},{"Key":13,"Value":[7]},{"Key":14,"Value":[7]},{"Key":16,"Value":[7]},{"Key":4,"Value":[17,8,9,7]},{"Key":3,"Value":[1,2,6,10,7]},{"Key":6,"Value":[4]},{"Key":5,"Value":[4]}]'),
	(43, '07748f40-f572-4d1c-b4ae-8d73ef915454', '[{"Key":1,"Value":[1,16,2,17,8,14,9,12,7,15]},{"Key":13,"Value":[7]},{"Key":4,"Value":[17,8,9,7]},{"Key":3,"Value":[1,2,6,10,7]},{"Key":11,"Value":[7]},{"Key":6,"Value":[4]},{"Key":5,"Value":[4]}]'),
	(44, '0931f060-da7f-4bd6-a777-c8750e5447e0', '[{"Key":1,"Value":[16,17,8,14,9,12,7,15]},{"Key":13,"Value":[7]},{"Key":4,"Value":[17,8,9,7]},{"Key":3,"Value":[1,2,6,10,7]},{"Key":6,"Value":[4]},{"Key":5,"Value":[4]}]'),
	(45, '0b3dc5e0-473c-4862-bceb-3e02ba07b734', '[{"Key":12,"Value":[7]},{"Key":13,"Value":[7]},{"Key":14,"Value":[7]},{"Key":16,"Value":[7]}]'),
	(46, '0d703a69-507c-4fcc-8496-607e540f5268', NULL),
	(47, '0ff66d75-40c0-4766-b217-9fd76fad7e9b', '[{"Key":1,"Value":[16,17,8,14,9,12,7,15]},{"Key":12,"Value":[7]},{"Key":13,"Value":[7]},{"Key":14,"Value":[7]},{"Key":16,"Value":[7]},{"Key":4,"Value":[17,8,9,7]},{"Key":3,"Value":[1,2,6,10,7]},{"Key":6,"Value":[4]},{"Key":5,"Value":[4]}]'),
	(48, '147284c0-581f-4d00-8291-c3094e739c90', '[{"Key":1,"Value":[16,17,8,14,9,12,7,15]},{"Key":13,"Value":[7]},{"Key":4,"Value":[17,8,9,7]},{"Key":3,"Value":[1,2,6,10,7]},{"Key":6,"Value":[4]},{"Key":5,"Value":[4]}]'),
	(49, '19724adb-cd50-4d4f-8e45-debc3e69cf2d', NULL),
	(50, '1b366d43-200f-40d4-b3d0-56cd3a6a1ba0', NULL),
	(52, '24d6aefb-03e9-46b8-a303-df70bc43e054', '[{"Key":1,"Value":[16,17,8,14,9,12,7,15]},{"Key":13,"Value":[7]},{"Key":4,"Value":[17,8,9,7]},{"Key":3,"Value":[1,2,6,10,7]},{"Key":6,"Value":[4]},{"Key":5,"Value":[4]}]'),
	(53, '2a9236d3-f398-4792-9f06-7483a77a2eb5', '[{"Key":17,"Value":[2,6,7]},{"Key":19,"Value":[7]},{"Key":10,"Value":[13,6,10,7]},{"Key":15,"Value":[7]},{"Key":1,"Value":[1,16,2,17,6,8,14,9,11,5,12,7,15]},{"Key":8,"Value":[1]},{"Key":7,"Value":[1]},{"Key":12,"Value":[7]},{"Key":13,"Value":[7]},{"Key":14,"Value":[7]},{"Key":16,"Value":[7]},{"Key":4,"Value":[17,8,9,7]},{"Key":3,"Value":[1,3,2,6,10,7]},{"Key":11,"Value":[18,7]},{"Key":6,"Value":[4]},{"Key":5,"Value":[4]},{"Key":18,"Value":[1,3,2,7]},{"Key":2,"Value":[1,2,12,7]}]'),
	(54, '316bc728-9613-4739-8373-a2117ca19578', '[{"Key":1,"Value":[16,17,8,14,9,12,7,15]},{"Key":13,"Value":[7]},{"Key":4,"Value":[17,8,9,7]},{"Key":3,"Value":[1,2,6,10,7]},{"Key":6,"Value":[4]},{"Key":5,"Value":[4]}]'),
	(55, '35276fba-de3f-46ae-9f7e-3686b7fcead1', NULL),
	(56, '361fea8c-779b-4d14-ae4e-6b7ca55214a1', '[{"Key":17,"Value":[2,6,7]},{"Key":10,"Value":[13,6,10,7]},{"Key":15,"Value":[7]},{"Key":1,"Value":[1,16,2,17,8,14,9,11,5,12,7,15]},{"Key":8,"Value":[1]},{"Key":7,"Value":[1]},{"Key":12,"Value":[7]},{"Key":13,"Value":[7]},{"Key":14,"Value":[7]},{"Key":16,"Value":[7]},{"Key":4,"Value":[17,8,9,7]},{"Key":3,"Value":[1,3,2,6,10,7]},{"Key":11,"Value":[18,7]},{"Key":6,"Value":[4]},{"Key":5,"Value":[4]},{"Key":18,"Value":[1,3,2,7]},{"Key":2,"Value":[1,2,12,7]}]'),
	(57, '39b7e099-4ab8-435b-9486-acc7cc0cffcf', '[{"Key":1,"Value":[16,17,8,14,9,12,7,15]},{"Key":12,"Value":[7]},{"Key":13,"Value":[7]},{"Key":14,"Value":[7]},{"Key":16,"Value":[7]},{"Key":4,"Value":[17,8,9,7]},{"Key":3,"Value":[1,2,6,10,7]},{"Key":6,"Value":[4]},{"Key":5,"Value":[4]}]'),
	(58, '3f5ec510-d7ee-40ce-9876-65516f1694de', NULL),
	(59, '41d467af-1727-4241-9e9f-c4722a05877e', NULL),
	(60, '45cc9226-f321-4cdf-94f7-96b7e180583e', NULL),
	(61, '46bbaf5f-0c20-470c-856c-254f99855ad3', NULL),
	(62, '46bfa568-23a5-48f3-9f01-9af71e8b4af4', '[{"Key":1,"Value":[8,14,7,15]},{"Key":13,"Value":[7]},{"Key":4,"Value":[8,7]},{"Key":3,"Value":[10,7]},{"Key":6,"Value":[4]},{"Key":5,"Value":[4]},{"Key":2,"Value":[7]}]'),
	(63, '478ac9dd-f778-4953-9624-26fcd3351528', NULL),
	(64, '47c87516-332f-4073-835a-b3424ca27739', '[{"Key":1,"Value":[16,17,8,14,9,12,7,15]},{"Key":13,"Value":[7]},{"Key":4,"Value":[17,8,9,7]},{"Key":3,"Value":[1,2,6,10,7]},{"Key":6,"Value":[4]},{"Key":5,"Value":[4]}]'),
	(65, '4b19904b-2047-46ac-816d-b8bbdca9666c', '[{"Key":1,"Value":[1,16,2,17,6,8,14,9,11,5,12,7,15]},{"Key":12,"Value":[7]},{"Key":13,"Value":[7]},{"Key":14,"Value":[7]},{"Key":16,"Value":[7]},{"Key":4,"Value":[17,8,9,7]},{"Key":3,"Value":[1,3,2,6,10,7]},{"Key":11,"Value":[18,7]},{"Key":6,"Value":[4]},{"Key":5,"Value":[4]},{"Key":2,"Value":[7]}]'),
	(66, '4c59d16c-8082-48e5-a8d4-cec2075c7372', '[{"Key":1,"Value":[1,16,2,17,8,14,9,12,7,15]},{"Key":13,"Value":[7]},{"Key":4,"Value":[17,8,9,7]},{"Key":3,"Value":[1,2,6,10,7]},{"Key":11,"Value":[7]},{"Key":6,"Value":[4]},{"Key":5,"Value":[4]}]'),
	(67, '4f3236d3-6178-4089-8325-68b3d22dab8d', '[{"Key":1,"Value":[8,14,7,15]},{"Key":13,"Value":[7]},{"Key":4,"Value":[8,7]},{"Key":3,"Value":[10,7]},{"Key":6,"Value":[4]},{"Key":5,"Value":[4]},{"Key":2,"Value":[7]}]'),
	(68, '54d3a12a-faad-478a-a9c6-fbd78522632c', NULL),
	(69, '6152b8c3-7434-47bb-8714-4e22fd223c3c', '[{"Key":17,"Value":[2,6,7]},{"Key":10,"Value":[13,6,10,7]},{"Key":15,"Value":[7]},{"Key":1,"Value":[11,5,7,15]},{"Key":12,"Value":[7]},{"Key":13,"Value":[7]},{"Key":3,"Value":[1,10,7]}]'),
	(70, '6f2bfa38-1c53-46b5-9e56-93e34cfd2366', NULL),
	(71, '7482f78a-67c4-41c1-9677-59fa3e158549', NULL),
	(72, '78ed4680-9433-4356-80dd-9d7c653e7df6', NULL),
	(73, '7cefdc1f-e341-46de-a2fa-df73a9d500eb', NULL),
	(74, '7ebf2d52-3712-4535-a2b0-325ffa1c231d', NULL),
	(75, '7fd83faa-5600-404f-b912-e86ffcea65ba', '[{"Key":1,"Value":[16,17,8,14,9,12,7,15]},{"Key":12,"Value":[7]},{"Key":13,"Value":[7]},{"Key":14,"Value":[7]},{"Key":16,"Value":[7]},{"Key":4,"Value":[17,8,9,7]},{"Key":3,"Value":[1,2,6,10,7]},{"Key":6,"Value":[4]},{"Key":5,"Value":[4]}]'),
	(76, '801666ac-9e83-4eba-986f-d05f1dba8dcc', '[{"Key":1,"Value":[16,17,8,14,9,12,7,15]},{"Key":13,"Value":[7]},{"Key":4,"Value":[17,8,9,7]},{"Key":3,"Value":[1,2,6,10,7]},{"Key":6,"Value":[4]},{"Key":5,"Value":[4]}]'),
	(78, '83716aee-196a-4a5f-9455-48555ff4e172', '[{"Key":1,"Value":[16,17,8,14,9,12,7,15]},{"Key":13,"Value":[7]},{"Key":4,"Value":[17,8,9,7]},{"Key":3,"Value":[1,2,6,10,7]},{"Key":6,"Value":[4]},{"Key":5,"Value":[4]}]'),
	(79, '86e19336-8173-49dc-a11d-5c0fb0d3f5ff', '[{"Key":1,"Value":[16,17,8,14,9,12,7,15]},{"Key":12,"Value":[7]},{"Key":13,"Value":[7]},{"Key":14,"Value":[7]},{"Key":16,"Value":[7]},{"Key":4,"Value":[17,8,9,7]},{"Key":3,"Value":[1,2,6,10,7]},{"Key":6,"Value":[4]},{"Key":5,"Value":[4]}]'),
	(80, '8e6dc6af-4c66-4c34-b2c9-6309fa766448', '[{"Key":1,"Value":[8,14,7,15]},{"Key":13,"Value":[7]},{"Key":4,"Value":[8,7]},{"Key":3,"Value":[10,7]},{"Key":6,"Value":[4]},{"Key":5,"Value":[4]},{"Key":2,"Value":[7]}]'),
	(81, '94f065e9-0002-4b5f-b77e-1c02938cb145', NULL),
	(82, '9ab9479d-2268-4f1e-b35f-6ded506ca8f0', '[{"Key":1,"Value":[1,16,2,17,8,14,9,12,7,15]},{"Key":13,"Value":[7]},{"Key":4,"Value":[17,8,9,7]},{"Key":3,"Value":[1,2,6,10,7]},{"Key":11,"Value":[7]},{"Key":6,"Value":[4]},{"Key":5,"Value":[4]}]'),
	(83, 'a092a342-e461-491b-a12a-8187367b40aa', '[{"Key":1,"Value":[16,17,8,14,9,12,7,15]},{"Key":13,"Value":[7]},{"Key":4,"Value":[17,8,9,7]},{"Key":3,"Value":[1,2,6,10,7]},{"Key":6,"Value":[4]},{"Key":5,"Value":[4]}]'),
	(84, 'a178f22d-4675-418a-aa6a-fa95047b6b24', '[{"Key":1,"Value":[16,17,8,14,9,12,7,15]},{"Key":12,"Value":[7]},{"Key":13,"Value":[7]},{"Key":14,"Value":[7]},{"Key":16,"Value":[7]},{"Key":4,"Value":[17,8,9,7]},{"Key":3,"Value":[1,2,6,10,7]},{"Key":6,"Value":[4]},{"Key":5,"Value":[4]}]'),
	(86, 'a40dac43-87f4-440e-9df2-fc2167477a61', '[{"Key":1,"Value":[16,17,8,14,9,12,7,15]},{"Key":13,"Value":[7]},{"Key":4,"Value":[17,8,9,7]},{"Key":3,"Value":[1,2,6,10,7]},{"Key":6,"Value":[4]},{"Key":5,"Value":[4]}]'),
	(87, 'aca74b76-6093-47a0-9a9b-995fd15c5973', '[{"Key":1,"Value":[1,16,2,17,8,14,9,12,7,15]},{"Key":13,"Value":[7]},{"Key":4,"Value":[17,8,9,7]},{"Key":3,"Value":[1,2,6,10,7]},{"Key":11,"Value":[7]},{"Key":6,"Value":[4]},{"Key":5,"Value":[4]}]'),
	(88, 'b350e084-f3da-4a18-b5f5-a115f0169ee3', '[{"Key":1,"Value":[16,17,8,14,9,12,7,15]},{"Key":13,"Value":[7]},{"Key":4,"Value":[17,8,9,7]},{"Key":3,"Value":[1,2,6,10,7]},{"Key":6,"Value":[4]},{"Key":5,"Value":[4]}]'),
	(89, 'b5a0e386-f8f5-41e1-ad2d-acca7f2886ea', NULL),
	(90, 'b859468d-aa22-4261-b9ff-9ee6353db653', '[{"Key":1,"Value":[1,16,2,17,8,14,9,12,7,15]},{"Key":13,"Value":[7]},{"Key":4,"Value":[17,8,9,7]},{"Key":3,"Value":[1,2,6,10,7]},{"Key":11,"Value":[7]},{"Key":6,"Value":[4]},{"Key":5,"Value":[4]}]'),
	(91, 'bb27a0b8-e84b-4712-acfe-89b0c10a7255', '[{"Key":1,"Value":[16,17,8,14,9,12,7,15]},{"Key":13,"Value":[7]},{"Key":4,"Value":[17,8,9,7]},{"Key":3,"Value":[1,2,6,10,7]},{"Key":6,"Value":[4]},{"Key":5,"Value":[4]}]'),
	(92, 'c7bca37b-540e-4d84-9c25-7db02c023f81', '[{"Key":1,"Value":[16,17,8,14,9,12,7,15]},{"Key":12,"Value":[7]},{"Key":13,"Value":[7]},{"Key":14,"Value":[7]},{"Key":16,"Value":[7]},{"Key":4,"Value":[17,8,9,7]},{"Key":3,"Value":[1,2,6,10,7]},{"Key":6,"Value":[4]},{"Key":5,"Value":[4]}]'),
	(93, 'c9c33e02-3ed9-4c90-a607-3b0396586ad1', '[{"Key":12,"Value":[7]},{"Key":13,"Value":[7]},{"Key":14,"Value":[7]},{"Key":16,"Value":[7]}]'),
	(94, 'cdb25c6d-2460-4351-af7f-79bd2a27e2dd', '[{"Key":1,"Value":[1,16,2,17,6,8,14,9,11,5,12,7,15]},{"Key":12,"Value":[7]},{"Key":13,"Value":[7]},{"Key":14,"Value":[7]},{"Key":16,"Value":[7]},{"Key":4,"Value":[17,8,9,7]},{"Key":3,"Value":[1,3,2,6,10,7]},{"Key":11,"Value":[18,7]},{"Key":6,"Value":[4]},{"Key":5,"Value":[4]},{"Key":2,"Value":[7]}]'),
	(95, 'ce099076-07fc-4f53-a01a-b616b5e3e684', NULL),
	(96, 'd1221a69-91db-4e18-9181-248395757468', NULL),
	(97, 'd776b93e-3801-4b0e-ab82-6ac20c63a019', '[{"Key":12,"Value":[7]},{"Key":13,"Value":[7]},{"Key":14,"Value":[7]},{"Key":16,"Value":[7]}]'),
	(98, 'ddea0153-6776-4a8e-b8e7-8f82489f9b09', '[{"Key":17,"Value":[2,6,7]},{"Key":10,"Value":[13,6,10,7]},{"Key":15,"Value":[7]},{"Key":1,"Value":[1,16,2,17,8,14,9,11,5,12,7,15]},{"Key":8,"Value":[1]},{"Key":7,"Value":[1]},{"Key":12,"Value":[7]},{"Key":13,"Value":[7]},{"Key":14,"Value":[7]},{"Key":16,"Value":[7]},{"Key":4,"Value":[17,8,9,7]},{"Key":3,"Value":[1,3,2,6,10,7]},{"Key":11,"Value":[18,7]},{"Key":6,"Value":[4]},{"Key":5,"Value":[4]},{"Key":18,"Value":[1,3,2,7]},{"Key":2,"Value":[1,2,12,7]}]'),
	(99, 'debc111f-1a10-4085-896a-a2bf23fd0ff4', '[{"Key":17,"Value":[2,6,7]},{"Key":10,"Value":[13,6,10,7]},{"Key":15,"Value":[7]},{"Key":1,"Value":[1,16,2,17,8,14,9,11,5,12,7,15]},{"Key":8,"Value":[1]},{"Key":7,"Value":[1]},{"Key":12,"Value":[7]},{"Key":13,"Value":[7]},{"Key":14,"Value":[7]},{"Key":16,"Value":[7]},{"Key":4,"Value":[17,8,9,7]},{"Key":3,"Value":[1,3,2,6,10,7]},{"Key":11,"Value":[18,7]},{"Key":6,"Value":[4]},{"Key":5,"Value":[4]},{"Key":18,"Value":[1,3,2,7]},{"Key":2,"Value":[1,2,12,7]}]'),
	(100, 'e0343aa5-7e8f-4a14-ac30-81f911f3f18c', '[{"Key":1,"Value":[16,17,8,14,9,12,7,15]},{"Key":12,"Value":[7]},{"Key":13,"Value":[7]},{"Key":14,"Value":[7]},{"Key":16,"Value":[7]},{"Key":4,"Value":[17,8,9,7]},{"Key":3,"Value":[1,2,6,10,7]},{"Key":6,"Value":[4]},{"Key":5,"Value":[4]}]'),
	(101, 'e32a0928-45ae-4b93-8c15-a47911d59cfe', '[{"Key":1,"Value":[1,16,2,17,8,14,9,12,7,15]},{"Key":13,"Value":[7]},{"Key":4,"Value":[17,8,9,7]},{"Key":3,"Value":[1,2,6,10,7]},{"Key":11,"Value":[7]},{"Key":6,"Value":[4]},{"Key":5,"Value":[4]}]'),
	(102, 'e7771c4e-b642-480b-b1e4-83c7dddde615', '[{"Key":1,"Value":[16,17,8,14,9,12,7,15]},{"Key":13,"Value":[7]},{"Key":4,"Value":[17,8,9,7]},{"Key":3,"Value":[1,2,6,10,7]},{"Key":6,"Value":[4]},{"Key":5,"Value":[4]}]'),
	(103, 'ec0d4594-0efb-4b43-8435-ec5e1a9e9a03', '[{"Key":1,"Value":[16,17,8,14,9,12,7,15]},{"Key":13,"Value":[7]},{"Key":4,"Value":[17,8,9,7]},{"Key":3,"Value":[1,2,6,10,7]},{"Key":6,"Value":[4]},{"Key":5,"Value":[4]}]'),
	(104, 'ef2dbffe-29ce-4bc7-bf16-b250d2dd71a1', '[{"Key":1,"Value":[16,17,8,14,9,12,7,15]},{"Key":12,"Value":[7]},{"Key":13,"Value":[7]},{"Key":14,"Value":[7]},{"Key":16,"Value":[7]},{"Key":4,"Value":[17,8,9,7]},{"Key":3,"Value":[1,2,6,10,7]},{"Key":6,"Value":[4]},{"Key":5,"Value":[4]}]'),
	(105, 'f22baa17-e50c-41f6-93e1-ce684da14f6b', NULL),
	(106, 'f4ab1b8f-812f-4f3f-9191-1d2e5b94c0f2', NULL),
	(107, 'f735986f-0824-48ac-8e11-ceab0bfbf113', '[{"Key":1,"Value":[16,17,8,14,9,12,7,15]},{"Key":13,"Value":[7]},{"Key":4,"Value":[17,8,9,7]},{"Key":3,"Value":[1,2,6,10,7]},{"Key":6,"Value":[4]},{"Key":5,"Value":[4]}]'),
	(108, 'fa411ca6-52ed-4723-a9c7-6dc3269468e1', '[{"Key":1,"Value":[1,16,2,17,6,8,14,9,11,5,12,7,15]},{"Key":12,"Value":[7]},{"Key":13,"Value":[7]},{"Key":14,"Value":[7]},{"Key":16,"Value":[7]},{"Key":4,"Value":[17,8,9,7]},{"Key":3,"Value":[1,3,2,6,10,7]},{"Key":11,"Value":[18,7]},{"Key":6,"Value":[4]},{"Key":5,"Value":[4]}]'),
	(168, 'ed105ee8-5dc9-4202-b207-88ddcb2f931f', '[{"Key":1,"Value":[16,17,8,14,9,12,7,15]},{"Key":13,"Value":[7]},{"Key":4,"Value":[17,8,9,7]},{"Key":3,"Value":[1,2,6,10,7]},{"Key":6,"Value":[4]},{"Key":5,"Value":[4]}]'),
	(169, 'a1d09696-097d-480c-84d3-1f411f9b1438', '[{"Key":17,"Value":[2,6,7]},{"Key":19,"Value":[7]},{"Key":10,"Value":[13,6,10,7]},{"Key":15,"Value":[7]},{"Key":1,"Value":[1,16,2,17,6,8,14,9,11,5,12,7,15]},{"Key":8,"Value":[1]},{"Key":7,"Value":[1]},{"Key":12,"Value":[7]},{"Key":13,"Value":[7]},{"Key":14,"Value":[7]},{"Key":16,"Value":[7]},{"Key":4,"Value":[17,8,9,7]},{"Key":3,"Value":[1,3,2,6,10,7]},{"Key":11,"Value":[18,7]},{"Key":6,"Value":[4]},{"Key":5,"Value":[4]},{"Key":18,"Value":[1,3,2,7]},{"Key":2,"Value":[1,2,12,7]}]'),
	(170, '1e3f8cba-3c85-4b56-b16f-ae20c14292ce', '[{"Key":17,"Value":[2,6,7]},{"Key":19,"Value":[7]},{"Key":10,"Value":[13,6,10,7]},{"Key":15,"Value":[7]},{"Key":1,"Value":[1,16,2,17,6,8,14,9,11,5,12,7,15]},{"Key":8,"Value":[1]},{"Key":7,"Value":[1]},{"Key":12,"Value":[7]},{"Key":13,"Value":[7]},{"Key":14,"Value":[7]},{"Key":16,"Value":[7]},{"Key":4,"Value":[17,8,9,7]},{"Key":3,"Value":[1,3,2,6,10,7]},{"Key":11,"Value":[18,7]},{"Key":6,"Value":[4]},{"Key":5,"Value":[4]},{"Key":18,"Value":[1,3,2,7]},{"Key":2,"Value":[1,2,12,7]}]'),
	(171, 'a7d22c8c-f9cb-4d90-b929-4b28e49d30ed', '[{"Key":1,"Value":[1,16,2,17,8,14,9,12,7,15]},{"Key":13,"Value":[7]},{"Key":4,"Value":[17,8,9,7]},{"Key":3,"Value":[1,2,6,10,7]},{"Key":11,"Value":[7]},{"Key":6,"Value":[4]},{"Key":5,"Value":[4]}]'),
	(172, '34f96fc3-b5d6-47db-9fa7-b26cf1642803', '[{"Key":1,"Value":[8,14,7,15]},{"Key":13,"Value":[7]},{"Key":4,"Value":[8,7]},{"Key":3,"Value":[10,7]},{"Key":6,"Value":[4]},{"Key":5,"Value":[4]},{"Key":2,"Value":[7]}]'),
	(173, 'aeabcd39-bf06-4512-a6bc-93501d075ab9', '[{"Key":1,"Value":[8,14,7,15]},{"Key":13,"Value":[7]},{"Key":4,"Value":[8,7]},{"Key":3,"Value":[10,7]},{"Key":6,"Value":[4]},{"Key":5,"Value":[4]},{"Key":2,"Value":[7]}]');
/*!40000 ALTER TABLE `internalusers` ENABLE KEYS */;

-- Dumping data for table customermanagement.logins: ~94 rows (approximately)
/*!40000 ALTER TABLE `logins` DISABLE KEYS */;
INSERT INTO `logins` (`Id`, `EmailAddress`, `PasswordHash`, `PasswordSalt`, `SignatureHash`, `SignatureSalt`, `DisplayName`, `Role`, `IsAxxessAdmin`, `IsAxxessSupport`, `IsActive`, `IsLocked`, `LastLoginDate`, `Created`) VALUES
	('02823fbe-f953-49ef-8e42-dc0d2847f8d9', 'ushockley@axxessconsult.com', 'Yji6Z2hcFrcR3dyFdDe70UVUYbPM2XcKSfYGQaBRCQTBFZL91DEbDPVjD16Z6v9/0jXbG3XOMejgCtKD05kMaA==', 'EIKfWSwB/4KTwKjSFVbb', 'Yji6Z2hcFrcR3dyFdDe70UVUYbPM2XcKSfYGQaBRCQTBFZL91DEbDPVjD16Z6v9/0jXbG3XOMejgCtKD05kMaA==', 'EIKfWSwB/4KTwKjSFVbb', 'Uriah Shockley', 'AxxessAdmin', 0, 0, 0, 0, '2012-09-06 09:51:21', '2012-07-24'),
	('03b0aa9e-9231-4d13-aca7-c5e7923d3ad7', 'Esteinau@axxessconsult.com', 'PvikIybb9dFoBVyCCHPQBfp1fLpw3RXcOYC9TwB5ytP1VeLzDFnAHAfr7+uz4DDUVDCoGVykjbTerCgq7ig2+w==', 'RNk+MD73Vh9fcNIXrLN2', NULL, NULL, 'Eric Steinau', 'AxxessAdmin', 0, 0, 1, 0, '2013-12-30 10:54:54', '2013-03-01'),
	('07748f40-f572-4d1c-b4ae-8d73ef915454', 'ssobush@axxessconsult.com', '01fHy9AcWu7TnGWCyAc6Kd0iNokzHF88gh420P0MKGMasyleT00NH7cSo7jMMa+Y7vO+47OFOeWR2SnriJZkEQ==', 'VaK4Job2tTSExwth4QrU', '01fHy9AcWu7TnGWCyAc6Kd0iNokzHF88gh420P0MKGMasyleT00NH7cSo7jMMa+Y7vO+47OFOeWR2SnriJZkEQ==', 'VaK4Job2tTSExwth4QrU', 'Sonya Sobush', 'AxxessAdmin', 0, 0, 1, 0, '2013-12-27 16:27:56', '2012-07-03'),
	('0931f060-da7f-4bd6-a777-c8750e5447e0', 'jsoto@axxessconsult.com', 'QNtOQADHIXFtjLIVYfN+PSXc2UYL2M2W3Y6COVb5qVadzXfhhY4obhvJtDSyHQ76LLlIYRI3wljZl6eGObYjbw==', 'EA89JEAdQDd2LAn39UcT', 'QNtOQADHIXFtjLIVYfN+PSXc2UYL2M2W3Y6COVb5qVadzXfhhY4obhvJtDSyHQ76LLlIYRI3wljZl6eGObYjbw==', 'EA89JEAdQDd2LAn39UcT', 'Janette Soto', 'AxxessAdmin', 0, 0, 1, 0, '2013-12-27 11:48:47', '2011-10-24'),
	('0b08ff1f-98f1-4400-b32a-7cb8c0dc7b9c', 'pthomas@axxessconsult.com', 'MONI2hqwv/bOWQSJdGpdVAr086DYd4oAS5lscsgB6AcPR+SFfa9SDe40RFHOc6x870WE4J8XhWMpRDXAnWL8KA==', 'EtiyMDtNii+ltcPsRKau', 'DoyCJBgfP36/A9g8/ZNzanA2oVsqvdVdF4GtXsFDrzEH6jFu5CYAmlKQ9X4SMMIFzhYnjtTsKI2kxhVA+bK0YQ==', '0WBadUm+pE0oKILuyZNt', 'Pam Thomas', 'AxxessAdmin', 0, 0, 0, 0, '2012-02-16 11:09:49', '2011-01-14'),
	('0b3dc5e0-473c-4862-bceb-3e02ba07b734', 'twoolridge@axxessconsult.com', '+JhKd9KQnOqsv8ZnhYePkSlPnjzEbxPj0b4uJFaqPOFarlBZ67iHJEjTEZuuBRYx6jmhZoF9z/Wqr/D2lHJfdg==', 'oDr1oG8bGe93m7VK57iE', '+JhKd9KQnOqsv8ZnhYePkSlPnjzEbxPj0b4uJFaqPOFarlBZ67iHJEjTEZuuBRYx6jmhZoF9z/Wqr/D2lHJfdg==', 'oDr1oG8bGe93m7VK57iE', 'Ty Woolridge', 'AxxessAdmin', 0, 0, 1, 0, '2013-12-05 09:25:20', '2013-04-30'),
	('0cf3af05-e8a5-479d-bbc5-dbedb3176b72', 'yhung@axxessconsult.com', 'eWw/1L6S3rOH27GudHfsMI9aCrY0DVbqaXsmRiUg6VVdUPMA4Q7mUSvTcxYRgEKq5Kitw7hMVKe70hSqJbK0pw==', '3mS3+1fWcIBgi7x0Trqu', 'eWw/1L6S3rOH27GudHfsMI9aCrY0DVbqaXsmRiUg6VVdUPMA4Q7mUSvTcxYRgEKq5Kitw7hMVKe70hSqJbK0pw==', '3mS3+1fWcIBgi7x0Trqu', 'Anna Hung', 'AxxessAdmin', 0, 0, 0, 0, '2013-12-26 10:26:54', '2013-08-13'),
	('0d703a69-507c-4fcc-8496-607e540f5268', 'lwhite@axxessconsult.com', NULL, NULL, NULL, NULL, 'Lori', 'ApplicationUser', 0, 0, 0, 0, '2012-12-20 16:05:11', '2012-12-20'),
	('0ff66d75-40c0-4766-b217-9fd76fad7e9b', 'trodriguez@axxessconsult.com', '3VSf5z0sGwz+THMQETAQzolXK/cPNOmavAVtRDiYrsbpJ9lg3yjcfNm9He7xtAHNLyAOH6GyLU2tZGV0iH/wkg==', 'adNZVdAa4X2dqp0qDE21', '3VSf5z0sGwz+THMQETAQzolXK/cPNOmavAVtRDiYrsbpJ9lg3yjcfNm9He7xtAHNLyAOH6GyLU2tZGV0iH/wkg==', 'adNZVdAa4X2dqp0qDE21', 'Teo Rodriguez', 'AxxessAdmin', 0, 0, 1, 0, '2013-12-30 10:31:20', '2013-10-18'),
	('13212603-8c04-483b-8450-4050bc530a08', 'pevans@axxessconsult.com', 'plBuG+oR08V813f2jzw0dLJonrGxexoQwIl59CufkCZQkRRlWs2HbLUSXb0jLE4UUhQoDteNO24cEWiCkfZTcA==', 'ZCRw0rGPMW1Zdrn8XH0L', 'plBuG+oR08V813f2jzw0dLJonrGxexoQwIl59CufkCZQkRRlWs2HbLUSXb0jLE4UUhQoDteNO24cEWiCkfZTcA==', 'ZCRw0rGPMW1Zdrn8XH0L', 'Pat Evans', 'AxxessAdmin', 0, 0, 1, 0, '2013-12-29 07:37:04', '2011-02-17'),
	('147284c0-581f-4d00-8291-c3094e739c90', 'awilson@axxessconsult.com', 'X1Lg1094L5580iwJmY7lS9/lBLRm4tYX3r9B0L/M0t9YmygHAvQ/L35EUeQdJqPSDGtA6/869KtWlqKe4QRTGg==', 'kWONIWcPsQxNanFcA0Q/', 'X1Lg1094L5580iwJmY7lS9/lBLRm4tYX3r9B0L/M0t9YmygHAvQ/L35EUeQdJqPSDGtA6/869KtWlqKe4QRTGg==', 'kWONIWcPsQxNanFcA0Q/', 'Allen Wilson', 'AxxessAdmin', 0, 0, 1, 0, '2013-12-30 11:26:42', '2013-11-18'),
	('1716391c-94e4-408a-be12-3cb78081f775', 'hwang1@axxessconsult.com', 'V302gw7rUmLDeFKQM2hfnvTfVpgrEwI+ma8jXse/iQkuUxEDy+Zay3dOCW3bNjSxeaQeOapYtdgfJnERgXMmWQ==', '521aDlE0nWUz7gHyDvbN', 'beJ+JfLZ6TP1yeIIJRHy5e75F2Px9Qiu9KQ1ONnwJnYdlrMZBOsCLp8ADzYP774IzxtQgvVXvNr23YzrNXhhmg==', 'MpLZUouXhprl8//Eeflq', 'Hanbing Wang', 'AxxessAdmin', 0, 0, 1, 0, '2014-02-04 08:56:45', '2013-04-15'),
	('19724adb-cd50-4d4f-8e45-debc3e69cf2d', 'snesler@axxessconsult.com', 'jMkSRiPzHJ1vHmQAQA2wdbr4Dzboes4uQ4xoPoQ572Qux+eLnJrVUSu8RguF4ziSlpwvg6+X1YgeNvSsEB6wYg==', 'gusrm5K+fUQ6DbZ9zEPJ', '2aRziK10ujNfrI07VsOziZk9ZRJKO+dzeh23rP9SeTja85LssQ8OQtULsa39ozN7v8lbmjmlaREhEJamWUXRnA==', 'RYNygXVCB2SEF6ISWxrW', 'Shane Nesler', 'AxxessAdmin', 0, 0, 0, 0, '2013-03-05 10:09:51', '2012-11-27'),
	('1b366d43-200f-40d4-b3d0-56cd3a6a1ba0', 'mkahura@axxessconsult.com', 'hnThnLSkUsb5WfGZjvk6uD9Z4ZCaJltH+9QszvpCQkFCzt9V+SZnxPL6Vm0JklZPOIHrSqHC9cU7AYSWTwMBig==', 'x56Xqc2ol05DG4+vglIU', 'NDvRZy+Gjll/17FscNjpjw6W/dKtsyxfelo78n8c3ioN3XaLOBnGG8ikD36MwJgxbh+TWt7B9zkbxoEhEy5M/Q==', 'XPzp14F3qr39I40kTrjk', 'Margaret Kahura', 'AxxessAdmin', 0, 1, 1, 0, '2013-04-18 19:27:59', '2012-11-20'),
	('1e3f8cba-3c85-4b56-b16f-ae20c14292ce', 'hwang@axxessconsult.com', 'aprAaEHAm/c8tkVe1pHvGgEQJ8NKlyOWT2TyMw8Va3cFksl8ZnDys7Mz9rHgeqmWT5DWmf6rJwk6Y+M9nyTcrA==', '54nOk9sFR6zhr9MBiG+P', 'aprAaEHAm/c8tkVe1pHvGgEQJ8NKlyOWT2TyMw8Va3cFksl8ZnDys7Mz9rHgeqmWT5DWmf6rJwk6Y+M9nyTcrA==', '54nOk9sFR6zhr9MBiG+P', 'Hanbing testing2', 'AxxessAdmin', 0, 0, 1, 0, '2014-03-06 12:42:54', '2014-02-04'),
	('1e77a8b2-cdad-4a67-bdd3-7692d07404a0', 'approvedaxxess@gmail.com', 'R4fFQ+KHCILX+FFtQkXsAAI45CEG5XDPaNo8bZpNrDjbtYQHJp8gcC9jyvCcFVu8zUPWBq/Kva3+MDkL1LGSEw==', 'OK8Fe/f8Dup20BAiAYLn', 'R4fFQ+KHCILX+FFtQkXsAAI45CEG5XDPaNo8bZpNrDjbtYQHJp8gcC9jyvCcFVu8zUPWBq/Kva3+MDkL1LGSEw==', 'OK8Fe/f8Dup20BAiAYLn', 'Ms. Sunshine', 'AxxessAdmin', 0, 0, 0, 1, '2011-01-14 13:30:47', '2011-01-14'),
	('2125cd35-f7ac-45c5-839f-358e377e2d01', 'rolajide@axxessconsult.com', 'MFusGTGM6pOR+THudkqWE5K1g6k3inbBhAFHN8Oj3ZvN8CKAG4aGM5sINpam/fPdtvWbkLuQb76HE+ef57u5Jg==', 'Smq0L46htcRVke/DW/MJ', 'J5Nvzb3l9sht5IwGYiA4CkH1ANlIo4eQV+GENjqI+mbJp+m5kagS58dWm2RraYVWMpnH00T/hM57pXvvSaDVQA==', 'vKjM5WHGgCaU8DGrIvVu', 'Ron Olajide', 'AxxessAdmin', 0, 0, 1, 0, '2013-12-30 11:58:54', '2011-01-14'),
	('24d6aefb-03e9-46b8-a303-df70bc43e054', 'dhernandez@axxessconsult.com', 'GEvFPbU6Shr1maRbo5yHWaX5JNsxOwHHJMzWKrS0l95rcPzVhpjmoKCBXpdLwviA9cctYtglb2uD2PCyzlYjyg==', 'X5vK27VeNWtOFQ+/4c4K', 'GEvFPbU6Shr1maRbo5yHWaX5JNsxOwHHJMzWKrS0l95rcPzVhpjmoKCBXpdLwviA9cctYtglb2uD2PCyzlYjyg==', 'X5vK27VeNWtOFQ+/4c4K', 'Dana Hernandez', 'AxxessAdmin', 0, 0, 1, 0, '2013-12-30 08:03:02', '2012-12-27'),
	('2a9236d3-f398-4792-9f06-7483a77a2eb5', 'jklein@axxessconsult.com', 'f7iPRr8nRVs1c2J1BZpTvPf0BMZKvGzoZGdUSJEyX08uBIr5NzfgRPCOxoMDoWwg0FlAdVFBdXetN9veqnh5Fg==', '981BdEh14WgqLgN7Dy+7', 'f7iPRr8nRVs1c2J1BZpTvPf0BMZKvGzoZGdUSJEyX08uBIr5NzfgRPCOxoMDoWwg0FlAdVFBdXetN9veqnh5Fg==', '981BdEh14WgqLgN7Dy+7', 'Joshua Klein', 'AxxessAdmin', 0, 0, 1, 0, '2014-03-07 11:31:00', '2012-04-03'),
	('316bc728-9613-4739-8373-a2117ca19578', 'shadley@axxessconsult.com', '3osjx1JTfEp0Qb3ViTZPB8jSnCpUEu3HXKnVpfBMa51sMhga6OZm1KB3OIMZWulpBOY+0yTq/WcTf8YSLyjZUg==', '1CgxQZ+ZP8XJJKsCRaRq', '3osjx1JTfEp0Qb3ViTZPB8jSnCpUEu3HXKnVpfBMa51sMhga6OZm1KB3OIMZWulpBOY+0yTq/WcTf8YSLyjZUg==', '1CgxQZ+ZP8XJJKsCRaRq', 'Sha-Ron Hadley', 'AxxessAdmin', 0, 0, 1, 0, '2013-12-30 10:14:57', '2013-01-29'),
	('34f96fc3-b5d6-47db-9fa7-b26cf1642803', 'hbtesting@axxessconsult.com', NULL, NULL, NULL, NULL, 'hb testing', 'AxxessAdmin', 0, 0, 1, 0, '0001-01-01 00:00:00', '2014-02-28'),
	('35276fba-de3f-46ae-9f7e-3686b7fcead1', 'mscruggs@axxessconsult.com', 'ZCQcWtlievGrYqBka4MH6zjcdPvEQH3KF5HakoKHGKi48dCsFHWBWMZo8cWs5KXVtH7+UJsSyd7BV2srAFwp7g==', '1E/HdsxJGerdVmkPW6B2', 'ZCQcWtlievGrYqBka4MH6zjcdPvEQH3KF5HakoKHGKi48dCsFHWBWMZo8cWs5KXVtH7+UJsSyd7BV2srAFwp7g==', '1E/HdsxJGerdVmkPW6B2', 'Michelle', 'AxxessAdmin', 0, 0, 0, 0, '2013-01-27 22:54:38', '2012-12-17'),
	('361fea8c-779b-4d14-ae4e-6b7ca55214a1', 'wturner@axxessconsult.com', 'kLlwRvSDfUgYQQ/VbRkVYT0E4gmiFAzkHe8AKz8AxYj2RkSyOnm2C3u28JGnons4J+YAb9byzXGzUwMG9V43mA==', 'bX6mkYJ9PxbNZkAJJt0M', 'kLlwRvSDfUgYQQ/VbRkVYT0E4gmiFAzkHe8AKz8AxYj2RkSyOnm2C3u28JGnons4J+YAb9byzXGzUwMG9V43mA==', 'bX6mkYJ9PxbNZkAJJt0M', 'William Turner', 'AxxessAdmin', 0, 0, 1, 0, '2013-12-26 14:49:41', '2012-11-05'),
	('39b7e099-4ab8-435b-9486-acc7cc0cffcf', 'agonzalez@axxessconsult.com', 'u+eAgLCn0qZRN0k5yrP1dBwY9hAFVg+WN8HWrya1ap84Hd6cNXBqwBDFR1vw2430JAuTaGmHQAkbUqA+tMkkvA==', '1sUj/fr+k9SQ3hIJXeUs', 'u+eAgLCn0qZRN0k5yrP1dBwY9hAFVg+WN8HWrya1ap84Hd6cNXBqwBDFR1vw2430JAuTaGmHQAkbUqA+tMkkvA==', '1sUj/fr+k9SQ3hIJXeUs', 'Adrian Gonzalez', 'AxxessAdmin', 0, 0, 1, 0, '2013-12-30 10:19:59', '2012-05-07'),
	('3f5ec510-d7ee-40ce-9876-65516f1694de', 'mfloyd@axxessconsult.com', 'JBKQxYkzxw3OWErll7bk8Cnp41GKRJ/VLHq8TpMTiiaeaDtLWhEUlZ94jxHL/869ZpWoeqRXeOlyHW9EjAjs0Q==', 'U/2L5l6nbpnkl2M7KPSI', 'JBKQxYkzxw3OWErll7bk8Cnp41GKRJ/VLHq8TpMTiiaeaDtLWhEUlZ94jxHL/869ZpWoeqRXeOlyHW9EjAjs0Q==', 'U/2L5l6nbpnkl2M7KPSI', 'Melisa Floyd', 'AxxessAdmin', 1, 0, 0, 0, '2013-09-30 15:47:36', '2011-10-13'),
	('40197544-44af-4a9a-892a-5e7261f64b71', 'logunbanwo@axxessconsult.com', 'YDh01Ur4pm3lSRi7f9ivFuCrtfzns4yIp1r2KSl9cVx9QWd0gVqNk5Cu9Vq88EwT6UAvyFOBTaWKsc/KXbBu3A==', 'CSxiNpLI+r/NEPO+2FOw', 'u1rT/2GPkwoOv1qmAOU5laJVwo0zeR2FfsIRghQQtSaWIiqIG0Sh2RijKieqZuM8MYpt7WwamEm6DRCHDTHLqA==', 'jjFPDtXkMSVQ64miJoUn', 'Layo Ogunbanwo', 'AxxessAdmin', 0, 0, 1, 0, '2013-12-22 19:21:07', '2011-09-21'),
	('41d467af-1727-4241-9e9f-c4722a05877e', 'kpartain@axxessconsult.com', '3brpYwWbt5F2md7eYwf5PfmAZBA2Ko4H6H5k8va2R1v6jkwSLcw02t+OTblLOdNyk4Dn/grGi/j7qPKHXDkqOg==', 'bK4U/Xa988yVGva9ED9C', '3brpYwWbt5F2md7eYwf5PfmAZBA2Ko4H6H5k8va2R1v6jkwSLcw02t+OTblLOdNyk4Dn/grGi/j7qPKHXDkqOg==', 'bK4U/Xa988yVGva9ED9C', 'Brett Partain', 'AxxessAdmin', 0, 0, 0, 0, '2012-07-24 16:13:37', '2012-07-03'),
	('45cc9226-f321-4cdf-94f7-96b7e180583e', 'shamilton@axxessconsult.com', 'bdcjQIq0mYGiBg82KVFyYYswnDCwbzgP0OOykvXUETj+x+ox7Uqs4QIOpNfCVHdsPAEzTq/9H2JHlc8f5uMVPw==', 'Y6VFnvTTzEFR2dbF0wx3', 'bdcjQIq0mYGiBg82KVFyYYswnDCwbzgP0OOykvXUETj+x+ox7Uqs4QIOpNfCVHdsPAEzTq/9H2JHlc8f5uMVPw==', 'Y6VFnvTTzEFR2dbF0wx3', 'Shawn Hamilton', 'AxxessAdmin', 0, 0, 0, 0, '2012-08-07 10:47:42', '2012-08-07'),
	('46bbaf5f-0c20-470c-856c-254f99855ad3', 'kkapple@axxessconsult.com', 'Rz8/J4sZaoKAtSMfd1Qk20tY9UVblpRvpQZtSuzwbr25HbERA7HRtZHGi/d9AzpEsAU4OuNCd69mBIyzUvk4bw==', '2OfYbeavpbI4eDJ7L6u6', 'Rz8/J4sZaoKAtSMfd1Qk20tY9UVblpRvpQZtSuzwbr25HbERA7HRtZHGi/d9AzpEsAU4OuNCd69mBIyzUvk4bw==', '2OfYbeavpbI4eDJ7L6u6', 'Keith Kapple', 'AxxessAdmin', 0, 0, 0, 0, '2012-07-17 08:15:51', '2012-07-16'),
	('46bfa568-23a5-48f3-9f01-9af71e8b4af4', 'savinger@axxessconsult.com', 'xWPIw4K6cLwavQ+nIiph4vCExAMTteYkGq7jAC6/8ZFJUuUqfPhqaB1W5SS/Gf6YtG/Vx2dw9WcpWrhjUXSU1A==', 'kmKF0LHr3TNKxzLGwk2h', 'xWPIw4K6cLwavQ+nIiph4vCExAMTteYkGq7jAC6/8ZFJUuUqfPhqaB1W5SS/Gf6YtG/Vx2dw9WcpWrhjUXSU1A==', 'kmKF0LHr3TNKxzLGwk2h', 'Spencer Avinger', 'AxxessAdmin', 0, 0, 1, 0, '2013-12-19 10:19:04', '2013-03-21'),
	('478ac9dd-f778-4953-9624-26fcd3351528', 'tbryan@axxessconsult.com', 'M73nMyQmzRI+XiZSzo91xohoLewJbEk1VT2ZOh0F7tSFEZK5ebAbwJaqbzk7PtrE9yYL6SL6P3dxGipW03RL2Q==', 'lDP25h3d5ZfJPPW5NZEh', 'M73nMyQmzRI+XiZSzo91xohoLewJbEk1VT2ZOh0F7tSFEZK5ebAbwJaqbzk7PtrE9yYL6SL6P3dxGipW03RL2Q==', 'lDP25h3d5ZfJPPW5NZEh', 'Thomas Bryan', 'AxxessAdmin', 1, 0, 1, 0, '2013-12-30 12:05:07', '2011-12-02'),
	('47c87516-332f-4073-835a-b3424ca27739', 'doriola@axxessconsult.com', 'sTIqneX1viHG3NplnQoUk2OKJQb2PC1Y3A8bL8vEqhyusydqnfE+lcQAz8pLwsDTKAb9Rkt6MSoJ1giwj2POHQ==', 'ZEkiHc8WR3VCPgVUXXzI', '1VCuxsaOHhV+6pUnjZpaI8YUg/XyAAGoiZuwsxsYa9q0MDQ2LLSjbTDbvgz+7Qu3xeL8c8k50HwAxtjk8fB8yA==', '4dVe8lc2Ixvq/m7/VsIS', 'Dapo Oriola', 'AxxessAdmin', 0, 0, 1, 0, '2013-12-19 08:25:55', '2011-12-15'),
	('4b19904b-2047-46ac-816d-b8bbdca9666c', 'dhui@axxessconsult.com', 'uRP30DKdejiPEe0vNGBbYsizdOEkgA7/uC5yiiJpJqTRfeeV2DnP2izONnYZVR7I4UyCMEGJnDEthqMaXe70kA==', 'TVatH41TH6ut3/EZmgzt', 'uRP30DKdejiPEe0vNGBbYsizdOEkgA7/uC5yiiJpJqTRfeeV2DnP2izONnYZVR7I4UyCMEGJnDEthqMaXe70kA==', 'TVatH41TH6ut3/EZmgzt', 'Da Hui', 'AxxessAdmin', 0, 0, 1, 0, '2014-03-07 18:22:43', '2013-06-21'),
	('4c59d16c-8082-48e5-a8d4-cec2075c7372', 'kchavis@axxessconsult.com', 'WGFzHHJ0FLov9fbPWam3uuFjxmJmhBt+/tNbmoRWtkZZmcipNU/SKq76APqvgJcqb1ZXWvJyCK+9McInp/q09Q==', 'RV8j7NDVysmcK6xCetex', 'WGFzHHJ0FLov9fbPWam3uuFjxmJmhBt+/tNbmoRWtkZZmcipNU/SKq76APqvgJcqb1ZXWvJyCK+9McInp/q09Q==', 'RV8j7NDVysmcK6xCetex', 'Kim Chavis', 'AxxessAdmin', 0, 0, 1, 0, '2013-12-30 11:53:31', '2011-10-13'),
	('4f3236d3-6178-4089-8325-68b3d22dab8d', 'jfrayer@axxessconsult.com', '+bMdmJlCDYEtj9SLtTKi9fo8lwAnmhwcwHFBJYCb1TQEqAWpv76XyYuukAAtJgIfj0baCxFrsUmoqrylYeBcLw==', '1s2rxVCWqnWUJ3k7VJ6/', '+bMdmJlCDYEtj9SLtTKi9fo8lwAnmhwcwHFBJYCb1TQEqAWpv76XyYuukAAtJgIfj0baCxFrsUmoqrylYeBcLw==', '1s2rxVCWqnWUJ3k7VJ6/', 'Josh Frayer', 'AxxessAdmin', 0, 0, 0, 0, '2013-10-23 09:29:22', '2012-06-12'),
	('54d3a12a-faad-478a-a9c6-fbd78522632c', 'rcraig@axxessconsult.com', 'x2avwqyhA0kXiT+rSznQCT8539KW/5ornK2twV57VVPxQZVCG1ssh5oGThC659j9+280/r7IUczJlT24QEDn1Q==', 'qAPBG+r4pVXbmfIxquQN', 'x2avwqyhA0kXiT+rSznQCT8539KW/5ornK2twV57VVPxQZVCG1ssh5oGThC659j9+280/r7IUczJlT24QEDn1Q==', 'qAPBG+r4pVXbmfIxquQN', 'Rena Craig', 'AxxessAdmin', 1, 0, 1, 0, '2013-11-15 16:13:27', '2012-02-01'),
	('56157f32-5ed8-499e-a61b-05c4912d2e59', 'aolowu@axxessconsult.com', 'W5LfJJukBgopjzQ87O2sFyho//4O7H7iCMWij/Ih0oVC+bLOVd+8P+nGOlqixvC6y18+jGBaOzPOwNmWWbjsFQ==', '+VW494mwgk2hxrsq8ZF0', 'c9fTAUNHExrQHmoF/p7SgUVYB7998p2zkfzqZk7PSBDi8hoW8Dzp/QslWaij/oW5cWIteMcTqbuD1Ea8flTZnw==', 'kUXuclFdQ5ZWHX+P1Fej', 'Andrew Olowu', 'AxxessAdmin', 0, 0, 1, 0, '2014-03-03 16:03:16', '2010-10-18'),
	('5d01e62e-cf81-4257-8d4b-9ad065fdf163', 'braghubansh@axxessconsult.com', 'qz+jVhYjB6gQmoDAOIc+Kb0/FGltW9xtB1BQfuhhHZVfeeyJXpLpZMum5YASCIrI7vDJjA/ppzG4Rf7aO/5oyg==', 'MoEHhPZAXpvLHwHZfckd', 'kZToBLavREQnMpZck7S9yB8COyyfDNPQl9hbcaIaarwmfJIdui8m3l9kIUvA8KuGVN+0kE/8/LNWU/X9hUkRSA==', 'wVlOfyjkqJT6xT8MDwv6', 'Dave Biki', 'AxxessAdmin', 0, 0, 1, 0, '2013-12-23 13:08:37', '2011-01-31'),
	('6152b8c3-7434-47bb-8714-4e22fd223c3c', 'aellis@axxessconsult.com', 'EdFFWpCbLad8LkHbSRb7HMJQIzKJoJuFiCIGh05fk2fs7rxceOY3og0sMP/p/sw6Yr6lF1HLgZ5pm+PX9EGcXA==', 'dJ8nZ/wGPJf9bMwy3GzV', 'EdFFWpCbLad8LkHbSRb7HMJQIzKJoJuFiCIGh05fk2fs7rxceOY3og0sMP/p/sw6Yr6lF1HLgZ5pm+PX9EGcXA==', 'dJ8nZ/wGPJf9bMwy3GzV', 'Alicia Ellis', 'AxxessAdmin', 0, 0, 1, 0, '2013-12-30 11:34:09', '2012-06-12'),
	('622701cd-8e26-4433-9688-b2e9c2290d12', 'ncheeks@axxessconsult.com', '7cri9L+h4MaV+2fozMBqcZgXVMYGB1X35Un1wa5/60h/KxP+TjWp7cx6NTGxfRyjh7NFiv+q/slPSmfsmf7PZg==', 'P3uJxqwC1GY/YhxvJQbo', '0fMBPdrEMeMYfMcsmrwoeLnPx40ApF+fMnGiZKAuVvoqI/TnUzDDIdyZge8Txjjf/8YIkUlul1Xu3Zyk2P0/pQ==', 'HAs6fItSrOAit7yHCXGc', 'Nat Cheeks', 'AxxessAdmin', 0, 0, 1, 0, '2013-12-30 11:48:45', '2011-05-31'),
	('6a887ded-3132-4baa-802b-f9f989ba5788', 'jfrayer@axxesconsult.com', '+bMdmJlCDYEtj9SLtTKi9fo8lwAnmhwcwHFBJYCb1TQEqAWpv76XyYuukAAtJgIfj0baCxFrsUmoqrylYeBcLw==', '1s2rxVCWqnWUJ3k7VJ6/', '+bMdmJlCDYEtj9SLtTKi9fo8lwAnmhwcwHFBJYCb1TQEqAWpv76XyYuukAAtJgIfj0baCxFrsUmoqrylYeBcLw==', '1s2rxVCWqnWUJ3k7VJ6/', 'Joshua Frayer', 'AxxessAdmin', 1, 1, 0, 0, '0001-01-01 00:00:00', '2012-04-05'),
	('6f2bfa38-1c53-46b5-9e56-93e34cfd2366', 'tchiesa@axxessconsult.com', 'sEc57hLgN+EMlzl1ngOGE5RS00KN0tQdCHS2rmVyKE4+AmKp/hBHjT8Qm6NBuwh7IMtCGf7JSwFaDIfLUcGv0w==', '6Hx6OA3HGjUCq6TSxj8M', 'sEc57hLgN+EMlzl1ngOGE5RS00KN0tQdCHS2rmVyKE4+AmKp/hBHjT8Qm6NBuwh7IMtCGf7JSwFaDIfLUcGv0w==', '6Hx6OA3HGjUCq6TSxj8M', 'Tony Chiesa', 'AxxessAdmin', 0, 1, 1, 0, '2013-11-27 16:39:56', '2013-11-26'),
	('7482f78a-67c4-41c1-9677-59fa3e158549', 'devans@axxessconsult.com', NULL, NULL, NULL, NULL, 'David', 'ApplicationUser', 0, 0, 0, 0, '2012-12-20 14:51:37', '2012-12-20'),
	('78ed4680-9433-4356-80dd-9d7c653e7df6', 'fhernandez@axxessconsult.com', NULL, NULL, NULL, NULL, 'Faith', 'ApplicationUser', 0, 0, 0, 0, '2012-12-20 14:48:36', '2012-12-20'),
	('7cefdc1f-e341-46de-a2fa-df73a9d500eb', 'lgrant@axxessconsult.com', NULL, NULL, NULL, NULL, 'Luke', 'ApplicationUser', 0, 0, 0, 0, '2012-08-27 11:10:39', '2012-08-27'),
	('7ebf2d52-3712-4535-a2b0-325ffa1c231d', 'mfloyd@axxessconsult.com', 'lYKpIPhXjKDaOliFKxqnpsI2jQZEsZuE5hHZfXaKgWLRy+zDl0xBYdwiR6i4uoaaDWFQtvVZe1w19DvTIzTevw==', 'I0mVBOkwNzhhsydiPCSB', 'lYKpIPhXjKDaOliFKxqnpsI2jQZEsZuE5hHZfXaKgWLRy+zDl0xBYdwiR6i4uoaaDWFQtvVZe1w19DvTIzTevw==', 'I0mVBOkwNzhhsydiPCSB', 'Melisa', 'Physician', 0, 0, 0, 0, '2013-07-17 11:55:22', '2012-11-28'),
	('7fd83faa-5600-404f-b912-e86ffcea65ba', 'tdifrancesco@axxessconsult.com', 'xpYyjJLSmSTLaDocggoZEfHfGc6W/7yVgrfi0Jfec4Pu321pyc+fVYzc0scNRYU+1kZePyNUy41nuVXiXOK6yQ==', 'dpN0naMRaKevcsHN0ncD', 'xpYyjJLSmSTLaDocggoZEfHfGc6W/7yVgrfi0Jfec4Pu321pyc+fVYzc0scNRYU+1kZePyNUy41nuVXiXOK6yQ==', 'dpN0naMRaKevcsHN0ncD', 'Tracy DiFrancesco', 'AxxessAdmin', 0, 0, 1, 0, '2013-12-30 12:22:01', '2013-11-26'),
	('801666ac-9e83-4eba-986f-d05f1dba8dcc', 'aharris@axxessconsult.com', 'ropNUg2hpWyz5Q7/FygqP+k5PndRGRldvKkc5gJ4XUbE1qt1+QbKjtykl15h8N66JN+78jTeAh/fUDGx8DXqDw==', 'oCJnwD/NNzlxcncCq5H6', 'ropNUg2hpWyz5Q7/FygqP+k5PndRGRldvKkc5gJ4XUbE1qt1+QbKjtykl15h8N66JN+78jTeAh/fUDGx8DXqDw==', 'oCJnwD/NNzlxcncCq5H6', 'Ashley Harris', 'AxxessAdmin', 0, 0, 1, 0, '2013-12-30 09:00:17', '2013-04-03'),
	('80a77c59-97d5-4c3c-928b-4ace368a9c39', 'vnavas@axxessconsult.com', 'AZEKR7HHVFJmz73kbbzmc8kOVjDnIRupOUWelz+Q1ruPnTTfbRWQViINacVpa7CbDzL9zMd2tGRuNqeyIjvZKw==', 'tKZvHW0ZPDDGUYKE/3pi', 'fZ2fSPAN55KINoeBpie+xcSO+sL8j6ng2rrjTa8qpP5BhJTk+mlJW/+6w0TR7Bwy4/cXjDRcUHgZjYFSPFd7gw==', 'rQbtKpJsiZdbQkYzFxvg', 'Vanessa Navas', 'AxxessAdmin', 0, 0, 0, 0, '2013-03-12 09:20:32', '2011-03-08'),
	('83716aee-196a-4a5f-9455-48555ff4e172', 'rmason@axxessconsult.com', 'VzcMJHYzNzKbTTgotlrvXvq8HikN8vRHBu/pgc+NCh0sbD5+J3nAlKNm4R3iOZFRbzPXBHHXcAJE/8p/wRl7hg==', '+WP+fL61dfUIDRE7NQpA', 'GKd8J4SGyI2FvYf/XDYnbzoy3eYqydS3Rxiib+p5LLVfeSDnn6V8VulgSJ8KpF/Jr55RkWyrpIbPHKqShp9auA==', 'L/KjX70afF2p96pFu8Tm', 'Rebecca Mason', 'AxxessAdmin', 0, 0, 1, 0, '2013-12-30 11:12:22', '2013-02-25'),
	('86e19336-8173-49dc-a11d-5c0fb0d3f5ff', 'kprice@axxessconsult.com', 'pPrAQAvPxIJFiD2g5m5nAU15/PaeTPoumn9kMj6gNZtolLCYbZyLRWdzbcwE98n26U1YpndqunukpCEsvI/5uA==', 'Ur+VE8APXiM1Kqk3AdNj', '1xyjRFEpeSI6x26EZzjCCOY2QSY0K7gm1LMP0/NXXqSDNnuNbGnIOmFN+Evlc+ubKpCVD2umaV1vWmEI20hzOg==', 'lD1zP756mVspp4qKMgVz', 'Karen Price', 'AxxessAdmin', 0, 0, 1, 0, '2013-12-30 12:12:56', '2012-06-12'),
	('898c8cc5-9ee7-4996-847d-07022692a788', 'niyi@axxessconsult.com', 'cGFAwqZD19Fegq7zbT9p4/R53p9Xii+QH2/txNAVgPP6o8pyRM5Wy6CKpP1Wbo4w4+JkWxv4negPMCTkzi9dnA==', '0v4slQJvBP6Ypt2vI3YF', 'M+6d6lqZjOs0jXFZ5hoQJMDBvJJYoMP+ozcnk73og53XYxpVNUmZLspiNSHX3p9niRQYKbZIUU7pQjS9/Z21YQ==', '8GMRp6VSIx0b8UGbFusL', 'Niyi Olajide', 'AxxessAdmin', 0, 0, 1, 0, '2013-12-27 12:47:23', '2011-01-14'),
	('8e0318f5-4e54-439b-8565-ad4836b67a3c', 'yolusi@axxessconsult.com', 'FC3x/ayKchOmlYJvE+QPx5Fg+dN8meFfd4rf5zA79ELyuE6iV5JXdbRdXfFtj4UXz4BkCVRY42KawL/efMvMCw==', 'ms/bvpKMMjYJmBnpPWjh', 'FC3x/ayKchOmlYJvE+QPx5Fg+dN8meFfd4rf5zA79ELyuE6iV5JXdbRdXfFtj4UXz4BkCVRY42KawL/efMvMCw==', 'ms/bvpKMMjYJmBnpPWjh', 'Yvonne Olusi', 'AxxessAdmin', 0, 0, 0, 1, '2011-07-08 12:59:19', '2011-01-14'),
	('8e6dc6af-4c66-4c34-b2c9-6309fa766448', 'thomas@axxessconsult.com', 'fgxN/4Zn9GVD33DR+i1Z1ubYyOzQkHS4Gkbz2x9g4wTAGNIbdHFjzPhlMfDNhHtdchPS5awIG+qtd6C//mqFwg==', 'srf1a7BJvd5Egm42v1+A', 'MlySVz0JzDsw2VaxfXa0EeM3b9sIPUC4cvSJ0mx+oldMQBNWOskuVXLgxU5eYx2k6Sv3lvzEjue4gctHJ9RHOg==', 'ubbITKUUJNNa2BPmCXB2', 'Thomas', 'ApplicationUser', 0, 0, 1, 0, '2013-12-30 12:18:46', '2011-12-02'),
	('94f065e9-0002-4b5f-b77e-1c02938cb145', 'emumford@axxessconsult.com', 'VdP9Tn2ZuTiYTXfSXAz/wOvLWAQW5iyASLWTcocEx6jy/RL7xOnSd92GBpVRVL0DFlbSeAUA1sh1a7MnMIQnew==', 'B3LKcLZadOwC0ywYixs0', 'VdP9Tn2ZuTiYTXfSXAz/wOvLWAQW5iyASLWTcocEx6jy/RL7xOnSd92GBpVRVL0DFlbSeAUA1sh1a7MnMIQnew==', 'B3LKcLZadOwC0ywYixs0', 'Liz Mumford', 'AxxessAdmin', 0, 1, 1, 0, '2013-12-27 11:45:46', '2012-11-15'),
	('95802221-348a-456b-ae6c-0300f5a384d4', 'lzhang@axxessconsult.com', '65tKuHfUA25GzNl5LL/tsAe0dvOHMDBglhl/fpIGh+rJiPQD9gEep33Q2B0NVoztJmROHrqYB62VzcsFQ1X2Zw==', 'YdCzczbVXvIgUNpRYljW', 'ZxWNDF2QsCOwcMPaWpX8Y2unT72PjDigHXQ/S9x/wMYymsiPGJISja/yqU3ts5KtwLLez0J1uylpbHigUyCAwg==', 'Ex13HoMH8lzFzxRgBGt4', 'Liancheng Zhang', 'AxxessAdmin', 0, 0, 1, 0, '2014-02-20 08:31:59', '2012-04-10'),
	('976cf164-6708-40c4-9566-45286ad0f553', 'GPanneerselvam@axxessconsult.com', 'itB4YVlsmpT09I9Q32wU9LyZutXXWQ4/x6yV3BGVTItW64QHFTpJQ271H3QtVdmSJ8+2LwR6CJna2oGmetKmSw==', 'z0Ss46YwsvT9tnPDO2Uj', 'itB4YVlsmpT09I9Q32wU9LyZutXXWQ4/x6yV3BGVTItW64QHFTpJQ271H3QtVdmSJ8+2LwR6CJna2oGmetKmSw==', 'z0Ss46YwsvT9tnPDO2Uj', 'Govind Panneerselvam', 'AxxessAdmin', 0, 0, 1, 0, '2014-03-07 17:29:27', '2013-07-15'),
	('9ab9479d-2268-4f1e-b35f-6ded506ca8f0', 'dcunningham@axxessconsult.com', 'tCPz16IWQMN+AO2kLG+iGlPGURW1HvWb5/s0jvJJvAh+FQlU09N+sZRGzfBDnR20Con53NCaBJu2pz6KZQvu3Q==', 'PZLzN1f081W3JDhqguqR', 'k9sfJQKWXZ7DPwsJMlzYaTYxOYWuWHRsSLVXLEof9THvT8vUK+QmPr21iSSIHZ2Ll/OOvk6i+qyO54wzntNs6w==', 'mxI3CRGwXcq7cnI5ItX7', 'Debbie Cunningham', 'AxxessAdmin', 0, 0, 1, 0, '2013-12-30 08:49:00', '2012-11-06'),
	('a092a342-e461-491b-a12a-8187367b40aa', 'aawoniyi@axxessconsult.com', 'uiEiuvNuI1FHIzFOpGFEJKxC40B3i/gnPPlcsYX9dF5FdKzqv3+KG/q4ni1qeWl9W6cUIgezk59JhDG53QJJ7w==', 'ycvDcyZLq5o5nb9AkezP', 'uiEiuvNuI1FHIzFOpGFEJKxC40B3i/gnPPlcsYX9dF5FdKzqv3+KG/q4ni1qeWl9W6cUIgezk59JhDG53QJJ7w==', 'ycvDcyZLq5o5nb9AkezP', 'Andrew Awoniyi', 'AxxessAdmin', 0, 0, 1, 0, '2013-12-03 16:52:01', '2011-12-05'),
	('a178f22d-4675-418a-aa6a-fa95047b6b24', 'Etrejo@axxessconsult.com', 'kxfT4JYCbdc+eUYVUW9tTn0Z6rqn5muPaUGQ53FGeNtqK3Igo53cA4MfFUMYCqR7D7ghML9kXojZ7m0bLWFWuw==', 'kpgJKvNZgyf2Mjua7Ju8', 'kxfT4JYCbdc+eUYVUW9tTn0Z6rqn5muPaUGQ53FGeNtqK3Igo53cA4MfFUMYCqR7D7ghML9kXojZ7m0bLWFWuw==', 'kpgJKvNZgyf2Mjua7Ju8', 'Eddie Trejo', 'AxxessAdmin', 0, 0, 1, 0, '2013-11-11 09:06:08', '2013-10-02'),
	('a1d09696-097d-480c-84d3-1f411f9b1438', 'hwang2@axxess.com', 'aprAaEHAm/c8tkVe1pHvGgEQJ8NKlyOWT2TyMw8Va3cFksl8ZnDys7Mz9rHgeqmWT5DWmf6rJwk6Y+M9nyTcrA==', '54nOk9sFR6zhr9MBiG+P', 'aprAaEHAm/c8tkVe1pHvGgEQJ8NKlyOWT2TyMw8Va3cFksl8ZnDys7Mz9rHgeqmWT5DWmf6rJwk6Y+M9nyTcrA==', '54nOk9sFR6zhr9MBiG+P', 'hanbing testing', 'AxxessAdmin', 0, 0, 1, 0, '2014-03-07 16:54:27', '2014-02-04'),
	('a40dac43-87f4-440e-9df2-fc2167477a61', 'tbrown@axxessconsult.com', '9dYmazMkqnthpVKMieXlYufk5XwJYoUYUcMTBHd+OLP12P5wvVjzo7zzV4j2SPiURQ3tPW41bCQB5RtqAmQheQ==', 'ZM3+ldTGbpvhIhtw9pt4', '9dYmazMkqnthpVKMieXlYufk5XwJYoUYUcMTBHd+OLP12P5wvVjzo7zzV4j2SPiURQ3tPW41bCQB5RtqAmQheQ==', 'ZM3+ldTGbpvhIhtw9pt4', 'Tamara Brown', 'AxxessAdmin', 0, 0, 1, 0, '2013-12-23 14:09:13', '2012-09-18'),
	('a4cbf771-23d4-4edf-a5e4-b625b82d471e', 'epollard@axxessconsult.com', 'AfQwJwJ5x3GCUIJTmVORCJOuTKdeViBifGdd1Ynbvr9MHI1VybUawslvkS9lFXIRjP+PdNYUcoZIrkozdv3gCg==', 'zq4VeBpcUg/bPICDv12v', 'AfQwJwJ5x3GCUIJTmVORCJOuTKdeViBifGdd1Ynbvr9MHI1VybUawslvkS9lFXIRjP+PdNYUcoZIrkozdv3gCg==', 'zq4VeBpcUg/bPICDv12v', 'Emerius Pollard', 'AxxessAdmin', 0, 0, 0, 0, '2011-06-29 16:26:00', '2011-05-12'),
	('a7d22c8c-f9cb-4d90-b929-4b28e49d30ed', 'thubka@axxessconsult.com', NULL, NULL, NULL, NULL, 'Travis Hubka', 'AxxessAdmin', 0, 0, 1, 0, '0001-01-01 00:00:00', '2014-02-04'),
	('aca74b76-6093-47a0-9a9b-995fd15c5973', 'bdeloach@axxessconsult.com', 'DXNTwoOT60545jQQshmzeysMXFFowuTyPMRt/5qaelk+CGI+9ZWrc7QucOyKJg8aWU5m5654i1B2pgZ6uEPr5w==', 'dX0rr6UpnAdpPbpSdZbm', 'kUXo7BTFL8M7MmWx5d8BlZZsMUrjYCkYc9D1nbzQKBYBfaFsKcG6FE0oYU8xgXNAuiyDxW2qpgGrYSyeqxMXRw==', 'NPMNDv/GUfqTc8/u6XAl', 'Beni DeLoach', 'AxxessAdmin', 0, 0, 1, 0, '2013-12-30 11:21:29', '2013-04-15'),
	('aeabcd39-bf06-4512-a6bc-93501d075ab9', 'hb2testing@axxessconsult.com', NULL, NULL, NULL, NULL, 'hb2 testing', 'AxxessAdmin', 0, 0, 1, 0, '0001-01-01 00:00:00', '2014-02-28'),
	('b350e084-f3da-4a18-b5f5-a115f0169ee3', 'dzelinko@axxessconsult.com', 'VAUwyWuG16KA97sLU/5TS4GndYgPoN38gfQE8fEh1M2P1Cm/o/WZhcQNKn49JGC/LAPVc58cGD8wuR/JNZoZRw==', '0JiHfkulnJhYgP2exIgg', 'VAUwyWuG16KA97sLU/5TS4GndYgPoN38gfQE8fEh1M2P1Cm/o/WZhcQNKn49JGC/LAPVc58cGD8wuR/JNZoZRw==', '0JiHfkulnJhYgP2exIgg', 'Diane Zelinko', 'AxxessAdmin', 0, 0, 1, 0, '2013-12-30 09:47:06', '2013-02-25'),
	('b5a0e386-f8f5-41e1-ad2d-acca7f2886ea', 'imwangi@axxessconsult.com', 'rZZu8y8VLuaCPEOrPkNvtxZBkMakCcrHuHHzQGt5fSg8VMwtc6lTv8mfaF+dZV+mU1ibdoNAwKvgbVMn8lwKPA==', 'Cju3OHf49nlpjemWQ222', 'rZZu8y8VLuaCPEOrPkNvtxZBkMakCcrHuHHzQGt5fSg8VMwtc6lTv8mfaF+dZV+mU1ibdoNAwKvgbVMn8lwKPA==', 'Cju3OHf49nlpjemWQ222', 'Iggy Mwangi', 'AxxessAdmin', 0, 1, 0, 0, '2013-03-18 15:08:08', '2012-12-17'),
	('b7e0941b-01c7-4631-b309-77d321078273', 'jpartida@axxessconsult.com', '68/b4hxmc7DzWxMoaCzWxUElFe827fnZ7GlynX+jRRB9VUXTM/R3QKBfdqjIo3Hy9mwKhRfnQ+u9yXZA8Wzk3g==', '4Al+G0gVyU7BUGb01tq0', '/HFoHNRjOtIND7j0IxnOC8CVsXVFwsK0Yz/oIZI58ZoFB3gtu9Lh7b5quaUeYCAndlfPfXCoisWcdzNM+q/c9w==', '/t+8L/yk7oTm5D1ujs83', 'Jessica Partida', 'AxxessAdmin', 0, 0, 1, 0, '2013-12-30 11:48:00', '2011-01-14'),
	('b859468d-aa22-4261-b9ff-9ee6353db653', 'jgibson@axxessconsult.com', '8+emjAjsWlr9Fofe8W2DlkzZlyF6y/ylX8bODY4w1bPQjVLPWUuVP4KdKHXtxZ1Xe78u5tj5zPLjXN90g/tZsA==', 'AYWg4LLEjOKoOYOT+1C6', '8+emjAjsWlr9Fofe8W2DlkzZlyF6y/ylX8bODY4w1bPQjVLPWUuVP4KdKHXtxZ1Xe78u5tj5zPLjXN90g/tZsA==', 'AYWg4LLEjOKoOYOT+1C6', 'Jennifer Gibson', 'AxxessAdmin', 0, 0, 1, 0, '2013-12-27 15:44:19', '2012-05-18'),
	('bb27a0b8-e84b-4712-acfe-89b0c10a7255', 'jcalvert@axxessconsult.com', '0O9eW7KVdcGBzT/JZrXLDWmuMLqh513Tyuhb8MUz4bcJjGiaX1aPce5RjIiqp/heN4DUvQVBuRB3RheeP3/4xA==', 'MzCYnBGVwQlQ5k31agdB', '0O9eW7KVdcGBzT/JZrXLDWmuMLqh513Tyuhb8MUz4bcJjGiaX1aPce5RjIiqp/heN4DUvQVBuRB3RheeP3/4xA==', 'MzCYnBGVwQlQ5k31agdB', 'Jacquelin Calvert', 'AxxessAdmin', 0, 0, 1, 0, '2013-12-30 12:20:22', '2012-08-20'),
	('c069dbc3-ef90-4cb3-946f-6efe4e32e678', 'jwilson@axxessconsult.com', 'hOAxxTgIPtDC8sP8wBMch3zQW+OQ9XEpbpPM7m34pG2Q/oYybmKclkf8ZQVFA6NqUCBAeojHAL6Zc8ZXAXRUDg==', 'V9quQLDB2+C1P1++zfcE', 'hOAxxTgIPtDC8sP8wBMch3zQW+OQ9XEpbpPM7m34pG2Q/oYybmKclkf8ZQVFA6NqUCBAeojHAL6Zc8ZXAXRUDg==', 'V9quQLDB2+C1P1++zfcE', 'Joni Wilson', 'AxxessAdmin', 0, 0, 0, 0, '2012-10-25 15:04:53', '2011-09-21'),
	('c7bca37b-540e-4d84-9c25-7db02c023f81', 'dcahill@axxessconsult.com', '43bUNEaImtK1K+HEudcq6WNnEa7/cLJ/qJozp5phs8l29VriRpwcDxbUqS3fjhispxebbyfkXttwPlZ4kX1ebA==', 'ZBftnO2cRMMdaOiSXiCG', '43bUNEaImtK1K+HEudcq6WNnEa7/cLJ/qJozp5phs8l29VriRpwcDxbUqS3fjhispxebbyfkXttwPlZ4kX1ebA==', 'ZBftnO2cRMMdaOiSXiCG', 'Diana Cahill', 'AxxessAdmin', 0, 0, 1, 0, '2013-12-29 17:23:18', '2011-01-27'),
	('c9bc125a-dc0e-490e-acc5-021af9feda27', 'bmiskelly@axxessconsult.com', '9QYslCvJd7z8ApekU1+VIXZa2il62YAl0KVE8qElXQcmmz4XRTc3NdZgPdEn51cAjnzJCqBytzTxVbzMIafvgg==', 'zf18LVYor0kO8nzpcfcV', '9QYslCvJd7z8ApekU1+VIXZa2il62YAl0KVE8qElXQcmmz4XRTc3NdZgPdEn51cAjnzJCqBytzTxVbzMIafvgg==', 'zf18LVYor0kO8nzpcfcV', 'Bradley Miskelly', 'AxxessAdmin', 0, 0, 0, 0, '2013-04-04 11:34:50', '2012-07-23'),
	('c9c33e02-3ed9-4c90-a607-3b0396586ad1', 'ssmith@axxessconsult.com', 'jywuJVgBIfdqtU3BVm9HaI0O7d3cDz/ZD5CG/yZUhOYOQCfng0OScH4M95+jYhEdwgbIVz1MOgJqruHluAF+5A==', '++gflfUxBXfrGdEKmP8m', 'jywuJVgBIfdqtU3BVm9HaI0O7d3cDz/ZD5CG/yZUhOYOQCfng0OScH4M95+jYhEdwgbIVz1MOgJqruHluAF+5A==', '++gflfUxBXfrGdEKmP8m', 'Sam Smith', 'AxxessAdmin', 0, 0, 1, 0, '2013-11-01 09:58:42', '2012-02-16'),
	('cdb25c6d-2460-4351-af7f-79bd2a27e2dd', 'saiyer@axxessconsult.com', 'hJZXND+C2z8ameTGbZH68yAY+hinexYUf92QYkAc3dUCxWquqXwIGNWYUIFio2R0fy4LUh+N3ck2OBqFzAfOJw==', 'I0ZzPlQ1ILjnUcR5nLe0', 'hJZXND+C2z8ameTGbZH68yAY+hinexYUf92QYkAc3dUCxWquqXwIGNWYUIFio2R0fy4LUh+N3ck2OBqFzAfOJw==', 'I0ZzPlQ1ILjnUcR5nLe0', 'Shradha', 'AxxessAdmin', 0, 0, 1, 0, '2014-03-07 14:52:28', '2013-08-15'),
	('ce099076-07fc-4f53-a01a-b616b5e3e684', 'lquach@axxessconsult.com', 'RFYWZ9PI6NrhfAaao6wI5gW/3K8LI4ZbKYsIngCBl3rUO5ehMJ9p4LuUp8T/ru5ZRwoznxRXSmCs/gTXh+LZUw==', 'RWVhhevDfk0Q793CnaWU', 'RFYWZ9PI6NrhfAaao6wI5gW/3K8LI4ZbKYsIngCBl3rUO5ehMJ9p4LuUp8T/ru5ZRwoznxRXSmCs/gTXh+LZUw==', 'RWVhhevDfk0Q793CnaWU', 'Lilian Quach', 'AxxessAdmin', 0, 0, 0, 0, '2012-05-31 15:00:16', '2012-02-20'),
	('cf902bc1-da09-4c30-9b97-7e76310ff0b5', 'bsingleton@axxessconsult.com', 'BQUJ1g3jdTyIyK6l0fNyySyqJnpVpFSBA9AUssbdxjANXDbx3gbyRY1NJnCiy4JkuWdcjaDVuS0aOhDiqWPNTA==', 'lIir7ivhR6DVVojAXo4U', 'BQUJ1g3jdTyIyK6l0fNyySyqJnpVpFSBA9AUssbdxjANXDbx3gbyRY1NJnCiy4JkuWdcjaDVuS0aOhDiqWPNTA==', 'lIir7ivhR6DVVojAXo4U', 'Betty Singleton', 'AxxessAdmin', 0, 0, 1, 0, '2013-12-27 14:53:05', '2011-09-01'),
	('d1221a69-91db-4e18-9181-248395757468', 'phowell@axxessconsult.com', '3GGWTQ6mfIPb4NFCkULVYNvoaRmKcsOG25Yxyr3rp+ZF8nenjHFdmLzfw7+JrvBvZvbnunyCfYhva75AljMk0w==', 'y9GqK/2SEC3V4opGa2S/', 'N36fycCAJYCzbGrxOSTuzwWG531BLEG5cxxUIfunxNOEnTusQ/5xAMweQlV/b7YDat79FqLQhCwTalGIAySYmA==', 'zFJkWrVsK6hXubb4N6WP', 'Preston Howell', 'AxxessAdmin', 0, 0, 0, 0, '2012-10-25 08:49:22', '2012-08-14'),
	('d776b93e-3801-4b0e-ab82-6ac20c63a019', 'ejimbo@axxessconsult.com', 'qWRnVGrcOJUa2KJxX0AQCyTb3nPfUI54AmOLqOCIIqnYt4y9Hm58udxa45aMvmdhy6XyqDiOJ0pl1ot8Ussr5Q==', 'HR1b6rUJgI1IlBLlAwOH', 'XxomyuhbxWQfTclB7FNlgUhF0+xVZyhbMo6ADvpWpq2aritlKAP2DibYUNex05c80ceyEUwLOtaPYPWAx8P0ow==', '/0J8kiTf1ro8kS/6uUuP', 'Edem Jimbo', 'AxxessAdmin', 0, 0, 1, 0, '2013-12-27 12:45:22', '2013-02-11'),
	('ddea0153-6776-4a8e-b8e7-8f82489f9b09', 'dave@axxessconsult.com', 'RuSU/NG8ssdS/sj6YMxiO4msNKArRHiHfSZKwpY9kzi/ghQgJAey8EgRQ/zLEKs3tURLOyOb1O2d5zL1NFV5Rg==', '0pjp3WGX9m+y2ppB0xJ1', 'WhrndmbCcQY84iY+wZ8Lj1QZclen6ZSq1v3wWQltLm1Ah6gtiBXu+mXAPr+gX50oycbWPImdpmUMhjnDbGDemQ==', '1NcdrcGwNie6YR4ZHmBy', 'dave', 'ApplicationUser', 0, 0, 1, 0, '2013-10-16 15:27:15', '2013-10-16'),
	('de6378bd-dbdb-4137-8cee-34b41518e415', 'rjordan@axxessconsult.com', 'Or41sLPF9mWUdeuvcgC8GSaN30nNMr7K807zuBYX4Da22EEhbDh8/BvOI9yWT4+M2ZEaavcH9+x5Avy21ZLo1Q==', 'yz/Z4keYc69ONC4HOahC', 'AyR/7nsuEw9r6A0plhmxN9aBtrpf5rTYAnBPyC6sYyMbxXsftLH+yZkc89e0/IKRNJu4Cb1KMhvbVbfltJbFCQ==', 'F5b+Stoix32BEmwsqTWy', 'Robin Jordan', 'AxxessAdmin', 0, 0, 1, 0, '2013-12-30 12:01:26', '2011-02-14'),
	('debc111f-1a10-4085-896a-a2bf23fd0ff4', 'mlenox@axxessconsult.com', 'xRTFvwfMJ0Fvu7GAXwCNP6/ZP+aKRiT7zTVniCJ/ZVHG+opyFACzijnRVyW0e1FucLkkPZnLEIJ9FP+z8WWAng==', 'UwRtPB56iILeb6nSQvw5', 'xRTFvwfMJ0Fvu7GAXwCNP6/ZP+aKRiT7zTVniCJ/ZVHG+opyFACzijnRVyW0e1FucLkkPZnLEIJ9FP+z8WWAng==', 'UwRtPB56iILeb6nSQvw5', 'Melody Lenox', 'AxxessAdmin', 0, 0, 1, 0, '2013-12-30 08:58:09', '2012-06-13'),
	('e0343aa5-7e8f-4a14-ac30-81f911f3f18c', 'kharville@axxessconsult.com', 'OB68Jqjdat/oSUMolUfspT46qDTW4b3as0jLch24fODZRDChp5YgoUhR6sjScHFJowqAjYQ3eQb9RgBUR6rR0A==', '2otatQbfDE4Poh7b1O3V', 'OB68Jqjdat/oSUMolUfspT46qDTW4b3as0jLch24fODZRDChp5YgoUhR6sjScHFJowqAjYQ3eQb9RgBUR6rR0A==', '2otatQbfDE4Poh7b1O3V', 'Kevin Harville', 'AxxessAdmin', 0, 0, 1, 0, '2013-12-26 18:13:20', '2013-09-17'),
	('e32a0928-45ae-4b93-8c15-a47911d59cfe', 'lcosman@axxessconsult.com', 'D9rWgs1H0ItfypE/4ACBLsJvrWqN8qOWYN4L0LzPuU/IQ2Du/EUD2mXEOPfD/+gYOxp86dqpCq/XPTAn1/KNrw==', 'WTjbRbtL2ndQrKJCQYnz', 'D9rWgs1H0ItfypE/4ACBLsJvrWqN8qOWYN4L0LzPuU/IQ2Du/EUD2mXEOPfD/+gYOxp86dqpCq/XPTAn1/KNrw==', 'WTjbRbtL2ndQrKJCQYnz', 'Lily Grace', 'AxxessAdmin', 0, 0, 1, 0, '2013-12-30 11:34:35', '2012-10-04'),
	('e7771c4e-b642-480b-b1e4-83c7dddde615', 'ctratree@axxessconsult.com', 'RRhIau3UbmaSID5PVhTk2J5ewVqIyW/1yMZ1udQ9XRXCBV1wSEPbDW6mT4Q69pf+KzImDOkUjJmt25hDQWKdkQ==', 'TOZDig3wyHOwdt5V6ynJ', 'RRhIau3UbmaSID5PVhTk2J5ewVqIyW/1yMZ1udQ9XRXCBV1wSEPbDW6mT4Q69pf+KzImDOkUjJmt25hDQWKdkQ==', 'TOZDig3wyHOwdt5V6ynJ', 'Cynthia Tratree', 'AxxessAdmin', 0, 0, 1, 0, '2013-12-30 08:06:32', '2013-12-05'),
	('ec0d4594-0efb-4b43-8435-ec5e1a9e9a03', 'disiaka@axxessconsult.com', 'J3dsrWrDoXHdH2aUkcXQAmu2GA0DvLStb6kQufrYrKD/xfdAhPnTAJAKWQQaA7hW9HnTveTMI1igFCab6rcnGg==', '8hE4OMFT2xcfmqJUgLKW', 'J3dsrWrDoXHdH2aUkcXQAmu2GA0DvLStb6kQufrYrKD/xfdAhPnTAJAKWQQaA7hW9HnTveTMI1igFCab6rcnGg==', '8hE4OMFT2xcfmqJUgLKW', 'Damond Isiaka', 'AxxessAdmin', 0, 0, 1, 0, '2013-12-13 16:47:58', '2013-01-23'),
	('ed105ee8-5dc9-4202-b207-88ddcb2f931f', 'ios@axxessconsult.com', NULL, NULL, NULL, NULL, 'Thomas Test', 'AxxessAdmin', 0, 0, 1, 0, '0001-01-01 00:00:00', '2014-01-17'),
	('ef2dbffe-29ce-4bc7-bf16-b250d2dd71a1', 'jlembke@axxessconsult.com', 'nK+tsNQo0Ad2kMdNEgT9Luocv6MVL+9OqYcZZOECjczBx0Nv5NV8gmbZYSmoIBMeHTe8U9z0osLab4MaplQM4g==', 'aXeOb8AK7X5Yx3FERHoU', 'nK+tsNQo0Ad2kMdNEgT9Luocv6MVL+9OqYcZZOECjczBx0Nv5NV8gmbZYSmoIBMeHTe8U9z0osLab4MaplQM4g==', 'aXeOb8AK7X5Yx3FERHoU', 'Jon Lembke', 'AxxessAdmin', 0, 0, 1, 0, '2013-12-27 17:16:17', '2013-11-26'),
	('f1bfc54a-6899-4d63-a83a-104d3a48a9c4', 'gphillips@axxessconsult.com', 'Mx4XlxCO3RmzfZtMs8AK+uCEtlRKSyyZS1GsUvsJxAtMI3foGUdaEInBE1uC9aXSuqGa046sHxCwORHpBYrvEg==', 'stTtDbzAom3U9Oaj8tsc', 'Mx4XlxCO3RmzfZtMs8AK+uCEtlRKSyyZS1GsUvsJxAtMI3foGUdaEInBE1uC9aXSuqGa046sHxCwORHpBYrvEg==', 'stTtDbzAom3U9Oaj8tsc', 'Greg', 'AxxessAdmin', 0, 0, 0, 0, '2013-02-08 15:32:23', '2012-12-17'),
	('f22baa17-e50c-41f6-93e1-ce684da14f6b', 'showard@axxessconsult.com', NULL, NULL, NULL, NULL, 'Steve Howard', 'AxxessAdmin', 0, 0, 0, 0, '0001-01-01 00:00:00', '2013-11-18'),
	('f4ab1b8f-812f-4f3f-9191-1d2e5b94c0f2', 'aopere@axxessconsult.com', 'vMWRWNrtwNguti58p2qhWRaHi8JkCxt6PJSJgwItUphJKvcBB5EazJbymvEhNcCbEV/+Qs/Yhg8EQOn39Ko+8Q==', 'mvjlrRthpw8d+rwFc16i', 'vMWRWNrtwNguti58p2qhWRaHi8JkCxt6PJSJgwItUphJKvcBB5EazJbymvEhNcCbEV/+Qs/Yhg8EQOn39Ko+8Q==', 'mvjlrRthpw8d+rwFc16i', 'Andrew Opere', 'AxxessAdmin', 0, 0, 1, 0, '2013-07-26 09:34:41', '2013-01-14'),
	('f735986f-0824-48ac-8e11-ceab0bfbf113', 'dmaroney@axxessconsult.com', 'NbCXbe0w9SPyS5cg4YndBTeXRw2H/mdgsr95rDKBOpnCd/AOc1dMHqojwVVKTDYiKPexPCoulrL/jNTUB4NcCg==', 'e5+x3fRBTOvg/AkR8ToS', 'NbCXbe0w9SPyS5cg4YndBTeXRw2H/mdgsr95rDKBOpnCd/AOc1dMHqojwVVKTDYiKPexPCoulrL/jNTUB4NcCg==', 'e5+x3fRBTOvg/AkR8ToS', 'Delene Maroney', 'AxxessAdmin', 0, 0, 1, 0, '2013-12-30 10:10:52', '2013-11-27'),
	('fa411ca6-52ed-4723-a9c7-6dc3269468e1', 'jtao@axxessconsult.com', 'qOJ1WFesZ3doYiUDCburvIvHNkQWMFwSyXP7x1LBzE9YAGG2MxzmBAktl9rAq7KYEt5+2T1VSXGbekDxbPaK5g==', 'pfmVxA2ySrXxhnQQ1p3f', 'olrH2+QH+QOUW7Z3J5lXBTCPjR8C+lwyvs4JwxIdK9osJOBCi1qO4CZRI1CBMHmuB7oelTWrOFqFlNxFJvkKdg==', '6ONtHIWuMcc+8GnF9toE', 'Joy Tao', 'AxxessAdmin', 0, 0, 1, 0, '2014-02-26 08:17:21', '2013-03-13');
/*!40000 ALTER TABLE `logins` ENABLE KEYS */;

-- Dumping data for table customermanagement.menus: 46 rows
/*!40000 ALTER TABLE `menus` DISABLE KEYS */;
INSERT INTO `menus` (`Id`, `Name`, `MenuName`, `Url`, `Onload`, `ParentMenus`, `Category`, `OtherCategory`, `Action`, `StyleOptions`) VALUES
	('NewLogin', 'New Login', 'User', 'Login/New', 'Login.InitNew', 'Create', 2, '', 1, '{IgnoreMinSize:true,Width:1160}'),
	('NewAgency', 'New Agency', 'New Agency', 'Agency/New', 'Agency.InitNew', 'Create', 1, '', 1, NULL),
	('NewSystemMessage', 'New System Message', 'System Message', 'Message/System/New', 'Message.System.InitNew', 'Create', 7, '', 1, NULL),
	('NewDashboardMessage', 'New Dashboard Message', 'Dashboard Message', 'Message/Dashboard/New', 'Message.Dashboard.InitNew', 'Create', 8, '', 1, NULL),
	('ListLogins', 'List Logins', 'Users', 'Login/List', 'Login.InitList', 'List', 2, '', 7, '{VersitileHeight:false}'),
	('ListAgencies', 'List Agencies', 'Agencies', 'Agency/List', 'Agency.InitList', 'List', 1, '', 7, '{VersitileHeight:false}'),
	('EditLogin', 'Edit Login', 'Edit Login', 'Login/Edit', 'Login.InitEdit', NULL, 2, '', 2, '{IgnoreMinSize:true,Width:1160}'),
	('EditAgency', 'Edit Agency', 'Edit Agency', 'Agency/Edit', 'Agency.InitEdit', NULL, 1, '', 2, NULL),
	('ListAgencyLocations', 'List Agency Locations', 'Agency Locations', 'Agency/Location/List', 'Agency.Location.InitList', NULL, 1, '', 7, '{VersitileHeight:false}'),
	('NewLocation', 'New Location', 'New Location', 'Agency/Location/New', 'Agency.Location.InitNew', NULL, 1, '', 1, NULL),
	('EditLocation', 'Edit Location', 'Edit Location', 'Agency/Location/Edit', 'Agency.Location.InitEdit', NULL, 1, '', 2, NULL),
	('ListDdeCredentials', 'List Dde Credentials', 'DDE Credentials', 'DdeCredential/List', 'DdeCredential.InitList', 'List', 9, '', 7, '{VersitileHeight:false}'),
	('EditDdeCredential', 'Edit Dde Credential', 'Edit DDE Credential', 'DdeCredential/Edit', 'DdeCredential.InitEdit', NULL, 9, '', 2, '{IgnoreMinSize:true,Width:500}'),
	('DdeCredentialLogs', 'Dde Credential Logs', 'DDE Credential Activity Log', 'DdeCredential/Logs', NULL, NULL, 8, '', 12, '{Resize: false, Centered: true, IgnoreMinSize:true,Width:"750px"}'),
	('ListAgencyUpgrades', 'List Agency Upgrades', 'Upgrade Requests', 'Agency/Upgrade/List', 'Agency.Upgrade.InitList', 'List', 10, '', 7, '{VersitileHeight:false}'),
	('EditAgencyUpgrade', 'Edit Agency Upgrade', 'Edit Agency Upgrade', 'Agency/Upgrade/Edit', 'Agency.Upgrade.InitEdit', NULL, 10, '', 13, '{IgnoreMinSize:true}'),
	('ListImplementationSpecialist', 'List Implementation Specialist', 'Implementation Specialists', 'Agency/ImplementationSpecialist/List', 'Agency.ImplementationSpecialist.InitList', 'List', 11, '', 7, '{VersitileHeight:false}'),
	('ListAgencyUsers', 'List Agency Users', 'Agency Users', 'Agency/User/List', 'Agency.User.InitList', NULL, 1, '', 15, '{VersitileHeight:false}'),
	('ListAgencyPhysicians', 'List Agency Physicians', 'Agency Physicians', 'Agency/Physician/List', 'Agency.Physician.InitList', NULL, 4, '', 7, '{VersitileHeight:false}'),
	('EditAgencyUser', 'Edit Agency User', 'Edit User Login Information', 'Agency/User/Edit', 'Agency.User.InitEdit', NULL, 1, '', 16, NULL),
	('NewNote', 'New Note', 'New Support Note', 'CustomerNotes/Note/New', 'Agency.Note.InitNew', NULL, 3, '', 1, '{IgnoreMinSize:true}'),
	('EditNote', 'Edit Note', 'Edit Support Note', 'CustomerNotes/Note/Edit', 'Agency.Note.InitEdit', NULL, 3, '', 2, '{IgnoreMinSize:true}'),
	('ViewNote', 'View Note', 'View Support Note', 'CustomerNotes/Note/View', 'Agency.Note.InitView', NULL, 3, '', 10, '{IgnoreMinSize:true}'),
	('ListNotes', 'List Notes', 'Agency Support Notes', 'CustomerNotes/Note/List', 'Agency.Note.InitList', NULL, 3, '', 7, '{VersitileHeight:false}'),
	('AgreementManagement', 'Agreement Management', 'Sales Agreement', 'Agency/Agreement', NULL, 'Axxess', 12, '', 7, '{VersitileHeight:false}'),
	('HumanResource', 'Human Resource', 'HR Management', 'Agency/HumanResource', NULL, 'Axxess', 13, '', 7, '{VersitileHeight:false}'),
	('MarketingIntelligence', 'Marketing Intelligence', 'Marketing Intelligence', 'Agency/Marketing', NULL, 'Axxess', 14, '', 7, '{VersitileHeight:false}'),
	('Accounting', 'Accounting', 'Accounting', 'Agency/Accounting', NULL, 'Axxess', 15, '', 7, '{VersitileHeight:false}'),
	('Raffle', 'Raffle', 'Raffle', 'Agency/Raffle', NULL, 'Axxess', 16, '', 7, '{VersitileHeight:false}'),
	('AgenciesCenter', 'Agencies Center', 'Agency Center', 'Agency/Center', 'Agency.Center.Init', 'View', 1, '', 7, '{VersitileHeight:false}'),
	('CustomerNotes', 'Customer Notes', 'Customer Notes', 'CustomerNotes/Layout', 'CustomerNotes.Init', 'List', 3, '', 7, '{VersitileHeight:false}'),
	('AgencyLogs', 'Agency Logs', 'Agency Activity Log', 'Agency/Logs', NULL, NULL, 1, '', 12, '{Resize:false,Centered:true,IgnoreMinSize:true,Width:"750px"}'),
	('LocationLogs', 'Location Logs', 'Location Activity Log', 'Agency/Location/Logs', NULL, NULL, 1, '', 12, '{Resize:false,Centered:true,IgnoreMinSize:true,Width:"750px"}'),
	('AgencyUserLogs', 'Agency User Logs', 'User Activity Log', 'Agency/User/Logs', NULL, NULL, 1, '', 12, '{Resize:false,Centered:true,IgnoreMinSize:true,Width:"750px"}'),
	('LoginLogs', 'Login Logs', 'Login Activity Log', 'Login/LoginLogs', NULL, NULL, 2, '', 12, '{Resize:false,Centered:true,IgnoreMinSize:true,Width:"750px"}'),
	('ViewAgencyUpgrade', 'View Agency Upgrade', 'View Agency Upgrade', 'Agency/Upgrade/View', 'Agency.Upgrade.InitEdit', NULL, 10, '', 10, '{IgnoreMinSize:true}'),
	('NewLoginsTemplate', 'New Permission Template', 'Permission Templates', 'Login//NewTemplate', 'Login.Permission.InitNew', 'Create', 18, '', 1, '{VersitileHeight:false}'),
	('ListAgencyChanges', 'List Agency Changes', 'Agency Changes', 'Agency/Change/List', 'Agency.Change.InitList', 'List', 17, '', 7, '{VersitileHeight:false}'),
	('ViewAgencyChange', 'View Agency Change', 'View Agency Change', 'Agency/Change/View', 'Agency.Change.InitView', NULL, 17, '', 2, '{IgnoreMinSize:true}'),
	('ListLoginsTemplate', 'List Permission Templates', 'Permission Templates', 'Login/TemplateList', 'Login.Permission.InitList', 'List', 18, '', 7, '{VersitileHeight:false}'),
	('ListAgencyAnnualPlan', 'List Agency Annual Plan', 'Annual Plan Requests', 'Agency/AnnualPlan/List', 'Agency.AnnualPlan.InitList', 'List', 10, '', 7, '{VersitileHeight:false}'),
	('EditLoginsTemplate', 'Edit Permission Template', 'Edit Logins Template', 'Login/EditTemplate', 'Login.Permission.InitEdit', NULL, 18, '', 2, '{VersitileHeight:false}'),
	('EditAgencyAnnualPlan', 'Edit Agency Annual Plan', 'View Agency Annual Plan', 'Agency/AnnualPlan/Edit', 'Agency.AnnualPlan.InitEdit', NULL, 10, '', 13, '{IgnoreMinSize:true}'),
	('ViewAgencyAnnualPlan', 'View Agency Annual Plan', 'View Agency Annual Plan', 'Agency/AnnualPlan/View', 'Agency.AnnualPlan.InitEdit', NULL, 10, '', 10, '{IgnoreMinSize:true}'),
	('NewAccounting', 'New Accounting', 'New Accounting', 'Accounting/NewAccountingFrame', '', 'Axxess', 19, '', 7, '{VersitileHeight:false}'),
	('ListMarkAsReadOnly', 'List Mark as Read-only', 'Mark as Read-only', 'Agency/MarkAsReadOnly/List', 'Agency.MarkAsReadOnly.InitList', 'List', 10, '', 7, '{VersitileHeight:false}');
/*!40000 ALTER TABLE `menus` ENABLE KEYS */;

-- Dumping data for table customermanagement.permissionactions: 18 rows
/*!40000 ALTER TABLE `permissionactions` DISABLE KEYS */;
INSERT INTO `permissionactions` (`Id`, `Name`) VALUES
	(1, 'Add'),
	(2, 'Edit'),
	(3, 'Delete'),
	(4, 'Load'),
	(5, 'Suspend'),
	(6, 'Export'),
	(7, 'ViewList'),
	(8, 'LiveLogin\r\n'),
	(9, 'ActivateLink'),
	(10, 'ViewDetail'),
	(11, 'ReadOnly'),
	(12, 'ViewLog'),
	(13, 'EditDetail'),
	(14, 'QALogin'),
	(15, 'ViewAgencyUser'),
	(16, 'EditAgencyUser'),
	(17, 'EmailTo'),
	(18, 'Reassign');
/*!40000 ALTER TABLE `permissionactions` ENABLE KEYS */;

-- Dumping data for table customermanagement.permissionactivitylinks: 53 rows
/*!40000 ALTER TABLE `permissionactivitylinks` DISABLE KEYS */;
INSERT INTO `permissionactivitylinks` (`Id`, `PermissionId`, `ActionId`, `Name`, `Description`) VALUES
	(1, 1, 1, 'Add New Agency', 'Add New Agency'),
	(2, 1, 2, 'Edit Existing Agency', NULL),
	(3, 1, 7, 'View Agency List/Center', NULL),
	(4, 1, 12, 'View Agency Activity Log', NULL),
	(5, 1, 5, 'Suspend Agency Account', NULL),
	(6, 1, 11, 'Set Agency as Read-Only', NULL),
	(14, 2, 1, 'Add New Support User', NULL),
	(15, 2, 2, 'Edit Support User', NULL),
	(16, 2, 7, 'View Support Users', NULL),
	(17, 2, 12, 'View Support User Activity Log', NULL),
	(7, 1, 14, 'Impersonate Agency User (QA)', NULL),
	(8, 1, 8, 'Impersonate Agency User (Production)', NULL),
	(9, 1, 9, 'Send Agency User Activation Link', NULL),
	(18, 3, 1, 'Add New Customer Note', NULL),
	(19, 3, 2, 'Edit Customer Note', NULL),
	(20, 3, 7, 'View Customer Notes', NULL),
	(21, 3, 3, 'Delete Customer Note', NULL),
	(22, 3, 6, 'Export Customer Notes', NULL),
	(24, 4, 8, 'Impersonate Agency Physician', NULL),
	(25, 4, 7, 'View Agency Physicians', NULL),
	(26, 4, 9, 'Send Physician Activation Link', NULL),
	(28, 5, 4, 'Load Agency Templates', NULL),
	(29, 6, 4, 'Load Agency Supplies', NULL),
	(30, 7, 1, 'Create System Message', NULL),
	(31, 8, 1, 'Create Dashboard Message', NULL),
	(32, 9, 7, 'View DDE Credentials', NULL),
	(36, 10, 7, 'View Agency Upgrade Requests', NULL),
	(37, 10, 10, 'View Agency Upgrade Request Details', NULL),
	(38, 10, 13, 'Edit Agency Upgrade Request Details', NULL),
	(39, 11, 7, 'View Implementation Specialists', NULL),
	(41, 12, 7, 'View Digital Sales Agreement Management System', NULL),
	(42, 13, 7, 'View HR Management Module', NULL),
	(43, 14, 7, 'View Marketing Intelligence Module', NULL),
	(44, 15, 7, 'View Accounting Module', NULL),
	(45, 16, 7, 'View Raffle Module', NULL),
	(33, 9, 2, 'Edit DDE Credential', NULL),
	(34, 9, 12, 'View DDE Credential Log', NULL),
	(23, 3, 10, 'View Customer Note Details', NULL),
	(10, 1, 15, 'View Agency Users', NULL),
	(11, 1, 16, 'Edit Agency User', NULL),
	(12, 1, 6, 'Export Agency List', NULL),
	(13, 1, 17, 'Email Agency User', NULL),
	(27, 4, 17, 'Email Agency Physician', NULL),
	(53, 19, 7, 'View New Accounting', NULL),
	(40, 11, 18, 'Reassign Implementation Specialist', NULL),
	(35, 10, 6, 'Export Agency Upgrade Request List', NULL),
	(46, 17, 2, 'Edit Agency Change Requests', ''),
	(47, 17, 6, 'Export Agency Change Request List', NULL),
	(48, 17, 7, 'View Agency Change Requests', NULL),
	(49, 18, 1, 'Add New Permission Template', NULL),
	(50, 18, 2, 'Edit Permission Template', NULL),
	(51, 18, 3, 'Delete Permission Template', NULL),
	(52, 18, 7, 'View Permission Templates', NULL);
/*!40000 ALTER TABLE `permissionactivitylinks` ENABLE KEYS */;

-- Dumping data for table customermanagement.permissioncategories: 5 rows
/*!40000 ALTER TABLE `permissioncategories` DISABLE KEYS */;
INSERT INTO `permissioncategories` (`Id`, `Name`) VALUES
	(2, 'Agency Administration'),
	(4, 'Customer Support'),
	(3, 'Application Module'),
	(1, 'Accounting'),
	(5, 'Support User Administration');
/*!40000 ALTER TABLE `permissioncategories` ENABLE KEYS */;

-- Dumping data for table customermanagement.permissionsubcategories: 19 rows
/*!40000 ALTER TABLE `permissionsubcategories` DISABLE KEYS */;
INSERT INTO `permissionsubcategories` (`Id`, `CategoryId`, `Name`, `Description`, `IsDeprecated`, `IsSubCategory`) VALUES
	(1, 2, 'Agency', 'Manage Agencies', 0, 1),
	(2, 5, 'User', 'Manage Support Users', 0, 1),
	(3, 4, 'Customer Note', 'Manage Notes', 0, 1),
	(4, 4, 'Agency Physicians', 'Manage Physicians', 0, 1),
	(5, 4, 'Agency Templates', 'Load Templates', 0, 0),
	(6, 4, 'Agency Supplies', 'Load Supplies', 0, 0),
	(7, 2, 'System Message', 'Create System Message', 0, 0),
	(8, 2, ' Dashboard Message', 'Create Dashboard Message', 0, 0),
	(9, 0, 'DDE Credential', 'View DDE Credential', 1, 1),
	(10, 1, 'Upgrade Requests', 'Manage Upgrde Requests', 0, 1),
	(11, 4, 'Implementation Specialists', 'View Implementation Specialist', 0, 1),
	(12, 3, 'Sales Agreement', 'View Sales Agreement', 0, 0),
	(13, 3, 'HR Management', 'View HR Management', 0, 0),
	(14, 3, 'Marketing Intelligence', 'View Marketing Intelligence', 0, 0),
	(15, 1, 'Accounting', 'View Accounting', 0, 0),
	(16, 3, 'Raffle', 'View Raffle', 0, 0),
	(17, 1, 'Change Requests', 'Manage Change Requests', 0, 1),
	(18, 5, 'Permission Templates', 'Manage Permission Templates', 0, 1),
	(19, 1, 'New Accounting', 'New Accounting', 0, 1);
/*!40000 ALTER TABLE `permissionsubcategories` ENABLE KEYS */;

-- Dumping data for table customermanagement.permissiontemplates: 6 rows
/*!40000 ALTER TABLE `permissiontemplates` DISABLE KEYS */;
INSERT INTO `permissiontemplates` (`Id`, `Name`, `Permissions`, `IsDeprecated`, `Modified`) VALUES
	(1, 'Developer Team', '[{"Key":1,"Value":[8,14,7,15]},{"Key":13,"Value":[7]},{"Key":4,"Value":[8,7]},{"Key":3,"Value":[10,7]},{"Key":6,"Value":[4]},{"Key":5,"Value":[4]},{"Key":2,"Value":[7]}]', 0, '2013-12-30 12:13:40'),
	(2, 'Support Team', '[{"Key":1,"Value":[16,17,8,14,9,12,7,15]},{"Key":13,"Value":[7]},{"Key":4,"Value":[17,8,9,7]},{"Key":3,"Value":[1,2,6,10,7]},{"Key":6,"Value":[4]},{"Key":5,"Value":[4]}]', 0, '2013-12-30 12:22:01'),
	(3, 'Accounting Team', '[{"Key":17,"Value":[2,6,7]},{"Key":10,"Value":[13,6,10,7]},{"Key":15,"Value":[7]},{"Key":1,"Value":[11,5,7,15]},{"Key":12,"Value":[7]},{"Key":13,"Value":[7]},{"Key":3,"Value":[1,10,7]}]', 0, '2013-12-30 12:14:02'),
	(4, 'Marketing Team', '[{"Key":12,"Value":[7]},{"Key":13,"Value":[7]},{"Key":14,"Value":[7]},{"Key":16,"Value":[7]}]', 0, '2013-12-30 14:15:14'),
	(6, 'Implementation Team', '[{"Key":1,"Value":[1,16,2,17,8,14,9,12,7,15]},{"Key":13,"Value":[7]},{"Key":4,"Value":[17,8,9,7]},{"Key":3,"Value":[1,2,6,10,7]},{"Key":11,"Value":[7]},{"Key":6,"Value":[4]},{"Key":5,"Value":[4]}]', 0, '2013-12-30 12:16:27'),
	(5, 'Sales Team', '[{"Key":1,"Value":[16,17,8,14,9,12,7,15]},{"Key":12,"Value":[7]},{"Key":13,"Value":[7]},{"Key":14,"Value":[7]},{"Key":16,"Value":[7]},{"Key":4,"Value":[17,8,9,7]},{"Key":3,"Value":[1,2,6,10,7]},{"Key":6,"Value":[4]},{"Key":5,"Value":[4]}]', 0, '2013-12-30 12:20:58');
/*!40000 ALTER TABLE `permissiontemplates` ENABLE KEYS */;
/*!40101 SET SQL_MODE=IFNULL(@OLD_SQL_MODE, '') */;
/*!40014 SET FOREIGN_KEY_CHECKS=IF(@OLD_FOREIGN_KEY_CHECKS IS NULL, 1, @OLD_FOREIGN_KEY_CHECKS) */;
/*!40101 SET CHARACTER_SET_CLIENT=@OLD_CHARACTER_SET_CLIENT */;
